year,channel_name,theme,total_subjects,total_duration,n_days,total_subjects_all_themes,theme_share,avg_female_share,avg_male_share
2010,France 2,Catastrophes,759,55148,263,7015,0.10819672131147541,0.2798687260951868,0.7201312739048131
2010,France 3,Catastrophes,572,46281,229,5197,0.11006349817202232,0.2983292962870903,0.7016707037129097
2010,M6,Catastrophes,546,30352,244,5124,0.10655737704918032,0.3960734782522851,0.6039265217477149
2010,TF1,Catastrophes,896,68164,276,7168,0.125,0.3268777265697555,0.6731222734302444
2011,France 2,Catastrophes,418,29263,201,7918,0.05279110886587522,0.3003856275098211,0.6996143724901788
2011,France 3,Catastrophes,333,23032,177,5563,0.05985978788423513,0.29821827251532657,0.7017817274846735
2011,M6,Catastrophes,311,18444,174,5558,0.055955379632961495,0.3921738155567911,0.6078261844432089
2011,TF1,Catastrophes,476,35475,223,7964,0.05976896032144651,0.35015486024680925,0.6498451397531907
2012,France 2,Catastrophes,529,34758,205,8241,0.06419123892731464,0.3279118449844103,0.6720881550155897
2012,France 3,Catastrophes,348,23288,192,5363,0.06488905463360059,0.3011573633003392,0.6988426366996607
2012,M6,Catastrophes,360,21292,189,5533,0.06506416049159588,0.40754850482157173,0.5924514951784282
2012,TF1,Catastrophes,511,38071,202,7700,0.06636363636363636,0.36169019916989725,0.6383098008301028
2013,France 2,Catastrophes,711,47922,248,8332,0.08533365338454153,0.34255751561709413,0.6574424843829059
2013,France 3,Catastrophes,436,32110,198,5181,0.08415363829376568,0.3040360116916624,0.6959639883083376
2013,M6,Catastrophes,414,25717,211,5608,0.07382310984308131,0.40690088030543853,0.5930991196945615
2013,TF1,Catastrophes,542,43857,207,7037,0.07702145800767372,0.36466221581051017,0.6353377841894897
2014,France 2,Catastrophes,709,53759,243,7978,0.08886939082476811,0.3453831363112629,0.6546168636887372
2014,France 3,Catastrophes,472,35387,210,5261,0.08971678388139137,0.29673796543057757,0.7032620345694224
2014,M6,Catastrophes,504,33439,230,5631,0.08950452850293021,0.41165212943524265,0.5883478705647573
2014,TF1,Catastrophes,597,48138,205,6840,0.08728070175438596,0.3705128232989756,0.6294871767010244
2015,France 2,Catastrophes,580,47069,186,6711,0.08642527194158843,0.35555616138705537,0.6444438386129447
2015,France 3,Catastrophes,430,31793,186,4514,0.09525919361984936,0.29749708521732615,0.7025029147826738
2015,M6,Catastrophes,453,31597,201,5172,0.08758700696055685,0.40791561019796263,0.5920843898020374
2015,TF1,Catastrophes,482,40808,174,6098,0.07904230895375533,0.35523936684923507,0.6447606331507649
2016,France 2,Catastrophes,468,34451,171,6874,0.06808263020075647,0.335066611290767,0.6649333887092331
2016,France 3,Catastrophes,430,29554,188,4966,0.08658880386629078,0.3243162183799622,0.6756837816200377
2016,M6,Catastrophes,400,27707,213,5909,0.06769334912844813,0.41293177765030864,0.5870682223496914
2016,TF1,Catastrophes,407,33155,178,6560,0.06204268292682927,0.37666034338367316,0.6233396566163268
2017,France 2,Catastrophes,439,34374,180,6354,0.06909033679571923,0.3575824853419768,0.6424175146580233
2017,France 3,Catastrophes,452,32715,195,4785,0.09446185997910136,0.34530453147396,0.65469546852604
2017,M6,Catastrophes,420,27525,211,5571,0.07539041464728057,0.4374584978412171,0.562541502158783
2017,TF1,Catastrophes,434,36765,179,6100,0.07114754098360655,0.3840220579668857,0.6159779420331143
2018,France 2,Catastrophes,534,42471,217,6310,0.08462757527733757,0.3633825682400644,0.6366174317599356
2018,France 3,Catastrophes,547,40774,209,4798,0.11400583576490204,0.34802393356750483,0.6519760664324951
2018,M6,Catastrophes,445,27753,236,5487,0.08110078367049389,0.42497779964628846,0.5750222003537115
2018,TF1,Catastrophes,590,49310,211,6058,0.09739187850775834,0.38376840544014895,0.616231594559851
2019,France 2,Catastrophes,489,40514,214,6002,0.08147284238587138,0.3788897635886644,0.6211102364113357
2019,France 3,Catastrophes,475,35175,222,4738,0.10025327142254116,0.3508603539792523,0.6491396460207478
2019,M6,Catastrophes,436,28705,240,5469,0.07972206984823552,0.4384163030894098,0.5615836969105902
2019,TF1,Catastrophes,521,46745,236,5585,0.09328558639212176,0.4190758031828693,0.5809241968171307
2010,France 2,Culture-loisirs,525,53218,300,7015,0.07483962936564505,0.2798687260951868,0.7201312739048131
2010,France 3,Culture-loisirs,384,44992,263,5197,0.0738887819896094,0.2983292962870903,0.7016707037129097
2010,M6,Culture-loisirs,385,29497,256,5124,0.07513661202185792,0.3960734782522851,0.6039265217477149
2010,TF1,Culture-loisirs,653,62926,312,7168,0.09109933035714286,0.3268777265697555,0.6731222734302444
2011,France 2,Culture-loisirs,501,49812,272,7918,0.06327355392775953,0.3003856275098211,0.6996143724901788
2011,France 3,Culture-loisirs,327,35030,239,5563,0.05878123314758224,0.29821827251532657,0.7017817274846735
2011,M6,Culture-loisirs,578,44789,321,5558,0.10399424253328536,0.3921738155567911,0.6078261844432089
2011,TF1,Culture-loisirs,701,67932,325,7964,0.08802109492717228,0.35015486024680925,0.6498451397531907
2012,France 2,Culture-loisirs,428,46900,250,8241,0.0519354447275816,0.3279118449844103,0.6720881550155897
2012,France 3,Culture-loisirs,312,32738,220,5363,0.05817639380943502,0.3011573633003392,0.6988426366996607
2012,M6,Culture-loisirs,612,51750,337,5533,0.110609072835713,0.40754850482157173,0.5924514951784282
2012,TF1,Culture-loisirs,678,67612,318,7700,0.08805194805194805,0.36169019916989725,0.6383098008301028
2013,France 2,Culture-loisirs,515,68072,286,8332,0.061809889582333175,0.34255751561709413,0.6574424843829059
2013,France 3,Culture-loisirs,288,31231,200,5181,0.055587724377533294,0.3040360116916624,0.6959639883083376
2013,M6,Culture-loisirs,593,53573,329,5608,0.10574179743223966,0.40690088030543853,0.5930991196945615
2013,TF1,Culture-loisirs,716,76639,341,7037,0.10174790393633651,0.36466221581051017,0.6353377841894897
2014,France 2,Culture-loisirs,468,63070,249,7978,0.05866131862622211,0.3453831363112629,0.6546168636887372
2014,France 3,Culture-loisirs,290,31238,203,5261,0.05512260026610911,0.29673796543057757,0.7032620345694224
2014,M6,Culture-loisirs,551,53229,325,5631,0.09785118096252886,0.41165212943524265,0.5883478705647573
2014,TF1,Culture-loisirs,615,67927,318,6840,0.08991228070175439,0.3705128232989756,0.6294871767010244
2015,France 2,Culture-loisirs,366,54265,201,6711,0.05453732677693339,0.35555616138705537,0.6444438386129447
2015,France 3,Culture-loisirs,272,30364,185,4514,0.06025697828976517,0.29749708521732615,0.7025029147826738
2015,M6,Culture-loisirs,540,51611,300,5172,0.10440835266821345,0.40791561019796263,0.5920843898020374
2015,TF1,Culture-loisirs,546,59968,280,6098,0.08953755329616267,0.35523936684923507,0.6447606331507649
2016,France 2,Culture-loisirs,371,59017,225,6874,0.0539714867617108,0.335066611290767,0.6649333887092331
2016,France 3,Culture-loisirs,263,31619,194,4966,0.052960128876359244,0.3243162183799622,0.6756837816200377
2016,M6,Culture-loisirs,559,57880,328,5909,0.09460145540700626,0.41293177765030864,0.5870682223496914
2016,TF1,Culture-loisirs,560,69084,299,6560,0.08536585365853659,0.37666034338367316,0.6233396566163268
2017,France 2,Culture-loisirs,276,49908,169,6354,0.04343720491029273,0.3575824853419768,0.6424175146580233
2017,France 3,Culture-loisirs,260,30878,192,4785,0.054336468129571575,0.34530453147396,0.65469546852604
2017,M6,Culture-loisirs,583,58435,336,5571,0.10464907556991564,0.4374584978412171,0.562541502158783
2017,TF1,Culture-loisirs,442,53450,251,6100,0.07245901639344263,0.3840220579668857,0.6159779420331143
2018,France 2,Culture-loisirs,289,46019,190,6310,0.04580031695721078,0.3633825682400644,0.6366174317599356
2018,France 3,Culture-loisirs,255,32425,185,4798,0.0531471446436015,0.34802393356750483,0.6519760664324951
2018,M6,Culture-loisirs,596,60479,338,5487,0.10862037543284127,0.42497779964628846,0.5750222003537115
2018,TF1,Culture-loisirs,314,40695,203,6058,0.05183228788379003,0.38376840544014895,0.616231594559851
2019,France 2,Culture-loisirs,283,40614,189,6002,0.04715094968343885,0.3788897635886644,0.6211102364113357
2019,France 3,Culture-loisirs,285,35206,199,4738,0.06015196285352469,0.3508603539792523,0.6491396460207478
2019,M6,Culture-loisirs,594,60157,338,5469,0.1086121777290181,0.4384163030894098,0.5615836969105902
2019,TF1,Culture-loisirs,291,39665,181,5585,0.05210384959713518,0.4190758031828693,0.5809241968171307
2010,France 2,Economie,509,45973,244,7015,0.07255880256593016,0.2798687260951868,0.7201312739048131
2010,France 3,Economie,334,32085,206,5197,0.06426784683471233,0.2983292962870903,0.7016707037129097
2010,M6,Economie,333,24219,191,5124,0.06498829039812647,0.3960734782522851,0.6039265217477149
2010,TF1,Economie,506,43055,254,7168,0.07059151785714286,0.3268777265697555,0.6731222734302444
2011,France 2,Economie,771,72952,271,7918,0.09737307400858802,0.3003856275098211,0.6996143724901788
2011,France 3,Economie,514,48222,268,5563,0.09239618910659717,0.29821827251532657,0.7017817274846735
2011,M6,Economie,411,32910,224,5558,0.07394746311622886,0.3921738155567911,0.6078261844432089
2011,TF1,Economie,808,71914,302,7964,0.10145655449522853,0.35015486024680925,0.6498451397531907
2012,France 2,Economie,1028,99046,313,8241,0.1247421429438175,0.3279118449844103,0.6720881550155897
2012,France 3,Economie,625,56974,292,5363,0.1165392504195413,0.3011573633003392,0.6988426366996607
2012,M6,Economie,433,35307,234,5533,0.07825772636905838,0.40754850482157173,0.5924514951784282
2012,TF1,Economie,848,77505,313,7700,0.11012987012987013,0.36169019916989725,0.6383098008301028
2013,France 2,Economie,1031,111565,327,8332,0.12373979836773884,0.34255751561709413,0.6574424843829059
2013,France 3,Economie,607,60087,292,5181,0.11715884964292608,0.3040360116916624,0.6959639883083376
2013,M6,Economie,476,39903,250,5608,0.08487874465049929,0.40690088030543853,0.5930991196945615
2013,TF1,Economie,791,79121,311,7037,0.11240585476765667,0.36466221581051017,0.6353377841894897
2014,France 2,Economie,862,106269,308,7978,0.10804712960641764,0.3453831363112629,0.6546168636887372
2014,France 3,Economie,549,54360,273,5261,0.1043527846417031,0.29673796543057757,0.7032620345694224
2014,M6,Economie,402,38997,236,5631,0.0713905167820991,0.41165212943524265,0.5883478705647573
2014,TF1,Economie,680,66985,296,6840,0.09941520467836257,0.3705128232989756,0.6294871767010244
2015,France 2,Economie,919,120093,276,6711,0.13693935330055135,0.35555616138705537,0.6444438386129447
2015,France 3,Economie,512,51170,229,4514,0.11342490031014621,0.29749708521732615,0.7025029147826738
2015,M6,Economie,389,34381,204,5172,0.07521268368136118,0.40791561019796263,0.5920843898020374
2015,TF1,Economie,677,71267,265,6098,0.11102000655952772,0.35523936684923507,0.6447606331507649
2016,France 2,Economie,718,98627,288,6874,0.10445155659004947,0.335066611290767,0.6649333887092331
2016,France 3,Economie,475,51349,250,4966,0.09565042287555377,0.3243162183799622,0.6756837816200377
2016,M6,Economie,377,35992,238,5909,0.06380098155356237,0.41293177765030864,0.5870682223496914
2016,TF1,Economie,635,72098,274,6560,0.09679878048780488,0.37666034338367316,0.6233396566163268
2017,France 2,Economie,741,102678,292,6354,0.1166194523135033,0.3575824853419768,0.6424175146580233
2017,France 3,Economie,484,50999,252,4785,0.10114942528735632,0.34530453147396,0.65469546852604
2017,M6,Economie,392,36436,235,5571,0.07036438700412852,0.4374584978412171,0.562541502158783
2017,TF1,Economie,676,83782,294,6100,0.11081967213114755,0.3840220579668857,0.6159779420331143
2018,France 2,Economie,849,104668,306,6310,0.1345483359746434,0.3633825682400644,0.6366174317599356
2018,France 3,Economie,493,54234,249,4798,0.1027511463109629,0.34802393356750483,0.6519760664324951
2018,M6,Economie,435,40513,250,5487,0.07927829414980864,0.42497779964628846,0.5750222003537115
2018,TF1,Economie,844,103719,305,6058,0.1393199075602509,0.38376840544014895,0.616231594559851
2019,France 2,Economie,809,102907,305,6002,0.13478840386537821,0.3788897635886644,0.6211102364113357
2019,France 3,Economie,517,56265,274,4738,0.10911777121148164,0.3508603539792523,0.6491396460207478
2019,M6,Economie,402,37299,243,5469,0.07350521119034559,0.4384163030894098,0.5615836969105902
2019,TF1,Economie,850,114999,335,5585,0.1521933751119069,0.4190758031828693,0.5809241968171307
2010,France 2,Education,145,15481,112,7015,0.020669992872416252,0.2798687260951868,0.7201312739048131
2010,France 3,Education,111,12333,87,5197,0.021358476043871463,0.2983292962870903,0.7016707037129097
2010,M6,Education,122,9277,91,5124,0.023809523809523808,0.3960734782522851,0.6039265217477149
2010,TF1,Education,178,16685,135,7168,0.024832589285714284,0.3268777265697555,0.6731222734302444
2011,France 2,Education,179,20970,119,7918,0.022606718868401113,0.3003856275098211,0.6996143724901788
2011,France 3,Education,112,11585,96,5563,0.020133021750853856,0.29821827251532657,0.7017817274846735
2011,M6,Education,111,9645,83,5558,0.019971212666426773,0.3921738155567911,0.6078261844432089
2011,TF1,Education,183,17219,129,7964,0.022978402812656958,0.35015486024680925,0.6498451397531907
2012,France 2,Education,200,26929,137,8241,0.024268899405411964,0.3279118449844103,0.6720881550155897
2012,France 3,Education,117,12650,88,5363,0.021816147678538133,0.3011573633003392,0.6988426366996607
2012,M6,Education,99,9005,78,5533,0.017892644135188866,0.40754850482157173,0.5924514951784282
2012,TF1,Education,168,16525,124,7700,0.02181818181818182,0.36169019916989725,0.6383098008301028
2013,France 2,Education,178,24434,128,8332,0.021363418146903505,0.34255751561709413,0.6574424843829059
2013,France 3,Education,123,13779,95,5181,0.02374059061957151,0.3040360116916624,0.6959639883083376
2013,M6,Education,131,10589,92,5608,0.023359486447931527,0.40690088030543853,0.5930991196945615
2013,TF1,Education,180,19843,138,7037,0.025579081995168396,0.36466221581051017,0.6353377841894897
2014,France 2,Education,119,17708,91,7978,0.014916019052394083,0.3453831363112629,0.6546168636887372
2014,France 3,Education,94,10955,73,5261,0.017867325603497432,0.29673796543057757,0.7032620345694224
2014,M6,Education,120,11156,88,5631,0.021310602024507193,0.41165212943524265,0.5883478705647573
2014,TF1,Education,164,18057,129,6840,0.023976608187134502,0.3705128232989756,0.6294871767010244
2015,France 2,Education,110,15074,76,6711,0.01639099985099091,0.35555616138705537,0.6444438386129447
2015,France 3,Education,87,10797,70,4514,0.019273371732388127,0.29749708521732615,0.7025029147826738
2015,M6,Education,102,9378,69,5172,0.019721577726218097,0.40791561019796263,0.5920843898020374
2015,TF1,Education,144,16504,107,6098,0.02361429977041653,0.35523936684923507,0.6447606331507649
2016,France 2,Education,78,12401,62,6874,0.011347105033459412,0.335066611290767,0.6649333887092331
2016,France 3,Education,64,7772,57,4966,0.01288763592428514,0.3243162183799622,0.6756837816200377
2016,M6,Education,125,12447,99,5909,0.02115417160264004,0.41293177765030864,0.5870682223496914
2016,TF1,Education,147,17951,114,6560,0.022408536585365853,0.37666034338367316,0.6233396566163268
2017,France 2,Education,102,16491,82,6354,0.016052880075542966,0.3575824853419768,0.6424175146580233
2017,France 3,Education,74,9372,65,4785,0.015464994775339603,0.34530453147396,0.65469546852604
2017,M6,Education,103,9589,80,5571,0.01848860168730928,0.4374584978412171,0.562541502158783
2017,TF1,Education,179,22927,139,6100,0.02934426229508197,0.3840220579668857,0.6159779420331143
2018,France 2,Education,122,15785,99,6310,0.019334389857369256,0.3633825682400644,0.6366174317599356
2018,France 3,Education,77,7957,70,4798,0.016048353480616923,0.34802393356750483,0.6519760664324951
2018,M6,Education,142,12879,104,5487,0.025879351193730638,0.42497779964628846,0.5750222003537115
2018,TF1,Education,173,19599,131,6058,0.028557279630241003,0.38376840544014895,0.616231594559851
2019,France 2,Education,97,12671,72,6002,0.016161279573475507,0.3788897635886644,0.6211102364113357
2019,France 3,Education,57,5947,48,4738,0.012030392570704939,0.3508603539792523,0.6491396460207478
2019,M6,Education,114,10837,92,5469,0.020844761382336808,0.4384163030894098,0.5615836969105902
2019,TF1,Education,123,15029,96,5585,0.022023276633840645,0.4190758031828693,0.5809241968171307
2010,France 2,Environnement,325,22927,191,7015,0.04632929436920884,0.2798687260951868,0.7201312739048131
2010,France 3,Environnement,244,20618,154,5197,0.04695016355589764,0.2983292962870903,0.7016707037129097
2010,M6,Environnement,220,13496,143,5124,0.0429352068696331,0.3960734782522851,0.6039265217477149
2010,TF1,Environnement,467,38895,237,7168,0.06515066964285714,0.3268777265697555,0.6731222734302444
2011,France 2,Environnement,390,31509,182,7918,0.04925486233897449,0.3003856275098211,0.6996143724901788
2011,France 3,Environnement,246,22240,153,5563,0.04422074420276829,0.29821827251532657,0.7017817274846735
2011,M6,Environnement,245,16464,135,5558,0.04408060453400504,0.3921738155567911,0.6078261844432089
2011,TF1,Environnement,463,38930,223,7964,0.05813661476644902,0.35015486024680925,0.6498451397531907
2012,France 2,Environnement,338,27960,173,8241,0.04101443999514622,0.3279118449844103,0.6720881550155897
2012,France 3,Environnement,206,16737,137,5363,0.03841133693828081,0.3011573633003392,0.6988426366996607
2012,M6,Environnement,155,10784,110,5533,0.028013735767214894,0.40754850482157173,0.5924514951784282
2012,TF1,Environnement,361,30914,192,7700,0.04688311688311688,0.36169019916989725,0.6383098008301028
2013,France 2,Environnement,406,33445,217,8332,0.04872779644743159,0.34255751561709413,0.6574424843829059
2013,France 3,Environnement,241,19178,154,5181,0.04651611657981085,0.3040360116916624,0.6959639883083376
2013,M6,Environnement,159,10761,122,5608,0.028352353780313838,0.40690088030543853,0.5930991196945615
2013,TF1,Environnement,304,26874,186,7037,0.04320022736961773,0.36466221581051017,0.6353377841894897
2014,France 2,Environnement,439,39205,212,7978,0.05502632238656305,0.3453831363112629,0.6546168636887372
2014,France 3,Environnement,284,22903,167,5261,0.053982132674396506,0.29673796543057757,0.7032620345694224
2014,M6,Environnement,185,13736,122,5631,0.03285384478778192,0.41165212943524265,0.5883478705647573
2014,TF1,Environnement,383,34780,196,6840,0.055994152046783624,0.3705128232989756,0.6294871767010244
2015,France 2,Environnement,392,43527,187,6711,0.05841156310534942,0.35555616138705537,0.6444438386129447
2015,France 3,Environnement,306,28482,159,4514,0.06778910057598582,0.29749708521732615,0.7025029147826738
2015,M6,Environnement,220,17614,129,5172,0.042536736272235115,0.40791561019796263,0.5920843898020374
2015,TF1,Environnement,403,40955,191,6098,0.06608724171859626,0.35523936684923507,0.6447606331507649
2016,France 2,Environnement,242,29093,164,6874,0.03520512074483561,0.335066611290767,0.6649333887092331
2016,France 3,Environnement,200,17203,132,4966,0.04027386226339106,0.3243162183799622,0.6756837816200377
2016,M6,Environnement,141,10739,110,5909,0.023861905567777966,0.41293177765030864,0.5870682223496914
2016,TF1,Environnement,256,28776,170,6560,0.03902439024390244,0.37666034338367316,0.6233396566163268
2017,France 2,Environnement,241,27923,146,6354,0.03792886370790054,0.3575824853419768,0.6424175146580233
2017,France 3,Environnement,199,19414,140,4785,0.041588296760710554,0.34530453147396,0.65469546852604
2017,M6,Environnement,156,11685,104,5571,0.028002154011847066,0.4374584978412171,0.562541502158783
2017,TF1,Environnement,276,31300,177,6100,0.04524590163934426,0.3840220579668857,0.6159779420331143
2018,France 2,Environnement,340,44656,201,6310,0.05388272583201268,0.3633825682400644,0.6366174317599356
2018,France 3,Environnement,258,26411,181,4798,0.05377240516882034,0.34802393356750483,0.6519760664324951
2018,M6,Environnement,193,15326,138,5487,0.03517404774922544,0.42497779964628846,0.5750222003537115
2018,TF1,Environnement,354,39658,206,6058,0.058435127104655,0.38376840544014895,0.616231594559851
2019,France 2,Environnement,398,50766,212,6002,0.06631122959013662,0.3788897635886644,0.6211102364113357
2019,France 3,Environnement,311,33504,189,4738,0.06563951034191642,0.3508603539792523,0.6491396460207478
2019,M6,Environnement,269,20871,183,5469,0.049186322910952644,0.4384163030894098,0.5615836969105902
2019,TF1,Environnement,421,53265,221,5585,0.07538048343777977,0.4190758031828693,0.5809241968171307
2010,France 2,Faits divers,284,20457,183,7015,0.040484675694939416,0.2798687260951868,0.7201312739048131
2010,France 3,Faits divers,270,20119,184,5197,0.0519530498364441,0.2983292962870903,0.7016707037129097
2010,M6,Faits divers,381,19417,234,5124,0.0743559718969555,0.3960734782522851,0.6039265217477149
2010,TF1,Faits divers,354,25710,214,7168,0.04938616071428571,0.3268777265697555,0.6731222734302444
2011,France 2,Faits divers,453,32787,239,7918,0.05721141702450114,0.3003856275098211,0.6996143724901788
2011,France 3,Faits divers,420,29729,249,5563,0.07549883156570196,0.29821827251532657,0.7017817274846735
2011,M6,Faits divers,539,35662,281,5558,0.09697732997481108,0.3921738155567911,0.6078261844432089
2011,TF1,Faits divers,479,34362,250,7964,0.060145655449522856,0.35015486024680925,0.6498451397531907
2012,France 2,Faits divers,461,36497,222,8241,0.05593981312947458,0.3279118449844103,0.6720881550155897
2012,France 3,Faits divers,405,28293,219,5363,0.07551743427186276,0.3011573633003392,0.6988426366996607
2012,M6,Faits divers,522,35458,271,5533,0.09434303271281402,0.40754850482157173,0.5924514951784282
2012,TF1,Faits divers,475,36477,237,7700,0.06168831168831169,0.36169019916989725,0.6383098008301028
2013,France 2,Faits divers,503,37358,238,8332,0.06036965914546327,0.34255751561709413,0.6574424843829059
2013,France 3,Faits divers,376,27626,216,5181,0.07257286238177958,0.3040360116916624,0.6959639883083376
2013,M6,Faits divers,533,37261,271,5608,0.09504279600570613,0.40690088030543853,0.5930991196945615
2013,TF1,Faits divers,413,32802,231,7037,0.058689782577803044,0.36466221581051017,0.6353377841894897
2014,France 2,Faits divers,303,24519,191,7978,0.03797944346954124,0.3453831363112629,0.6546168636887372
2014,France 3,Faits divers,286,19277,198,5261,0.054362288538300704,0.29673796543057757,0.7032620345694224
2014,M6,Faits divers,465,33044,260,5631,0.08257858284496537,0.41165212943524265,0.5883478705647573
2014,TF1,Faits divers,244,18256,169,6840,0.03567251461988304,0.3705128232989756,0.6294871767010244
2015,France 2,Faits divers,261,21913,136,6711,0.038891372373714796,0.35555616138705537,0.6444438386129447
2015,France 3,Faits divers,246,17246,146,4514,0.05449712007089056,0.29749708521732615,0.7025029147826738
2015,M6,Faits divers,297,20891,180,5172,0.0574245939675174,0.40791561019796263,0.5920843898020374
2015,TF1,Faits divers,241,20157,143,6098,0.039521154476877665,0.35523936684923507,0.6447606331507649
2016,France 2,Faits divers,200,15455,131,6874,0.02909514111143439,0.335066611290767,0.6649333887092331
2016,France 3,Faits divers,212,14550,153,4966,0.04269029399919452,0.3243162183799622,0.6756837816200377
2016,M6,Faits divers,327,22418,218,5909,0.05533931291250634,0.41293177765030864,0.5870682223496914
2016,TF1,Faits divers,172,13346,128,6560,0.02621951219512195,0.37666034338367316,0.6233396566163268
2017,France 2,Faits divers,191,15610,118,6354,0.03005980484734026,0.3575824853419768,0.6424175146580233
2017,France 3,Faits divers,251,18601,158,4785,0.05245559038662487,0.34530453147396,0.65469546852604
2017,M6,Faits divers,285,20609,195,5571,0.05115778136779752,0.4374584978412171,0.562541502158783
2017,TF1,Faits divers,182,17685,128,6100,0.02983606557377049,0.3840220579668857,0.6159779420331143
2018,France 2,Faits divers,253,21380,162,6310,0.04009508716323296,0.3633825682400644,0.6366174317599356
2018,France 3,Faits divers,312,23881,185,4798,0.06502709462275948,0.34802393356750483,0.6519760664324951
2018,M6,Faits divers,352,25321,237,5487,0.06415163112812101,0.42497779964628846,0.5750222003537115
2018,TF1,Faits divers,253,23181,148,6058,0.041762958071970946,0.38376840544014895,0.616231594559851
2019,France 2,Faits divers,334,29925,159,6002,0.05564811729423526,0.3788897635886644,0.6211102364113357
2019,France 3,Faits divers,331,25764,198,4738,0.06986070071760236,0.3508603539792523,0.6491396460207478
2019,M6,Faits divers,434,31493,239,5469,0.07935637228012433,0.4384163030894098,0.5615836969105902
2019,TF1,Faits divers,326,33611,163,5585,0.05837063563115488,0.4190758031828693,0.5809241968171307
2010,France 2,Histoire-hommages,137,11310,92,7015,0.019529579472558803,0.2798687260951868,0.7201312739048131
2010,France 3,Histoire-hommages,102,8709,71,5197,0.019626707715989993,0.2983292962870903,0.7016707037129097
2010,M6,Histoire-hommages,84,4971,59,5124,0.01639344262295082,0.3960734782522851,0.6039265217477149
2010,TF1,Histoire-hommages,136,11619,102,7168,0.018973214285714284,0.3268777265697555,0.6731222734302444
2011,France 2,Histoire-hommages,143,11918,92,7918,0.018060116190957314,0.3003856275098211,0.6996143724901788
2011,France 3,Histoire-hommages,90,7787,63,5563,0.016178321049793276,0.29821827251532657,0.7017817274846735
2011,M6,Histoire-hommages,66,4550,42,5558,0.01187477509895646,0.3921738155567911,0.6078261844432089
2011,TF1,Histoire-hommages,148,11073,110,7964,0.01858362631843295,0.35015486024680925,0.6498451397531907
2012,France 2,Histoire-hommages,159,13368,100,8241,0.019293775027302514,0.3279118449844103,0.6720881550155897
2012,France 3,Histoire-hommages,98,8391,81,5363,0.018273354465784077,0.3011573633003392,0.6988426366996607
2012,M6,Histoire-hommages,103,7703,71,5533,0.018615579251762153,0.40754850482157173,0.5924514951784282
2012,TF1,Histoire-hommages,161,13331,115,7700,0.02090909090909091,0.36169019916989725,0.6383098008301028
2013,France 2,Histoire-hommages,212,19234,121,8332,0.025444071051368217,0.34255751561709413,0.6574424843829059
2013,France 3,Histoire-hommages,136,11731,86,5181,0.026249758733835168,0.3040360116916624,0.6959639883083376
2013,M6,Histoire-hommages,108,8046,72,5608,0.01925820256776034,0.40690088030543853,0.5930991196945615
2013,TF1,Histoire-hommages,176,15467,110,7037,0.02501065795083132,0.36466221581051017,0.6353377841894897
2014,France 2,Histoire-hommages,244,23874,136,7978,0.030584106292303837,0.3453831363112629,0.6546168636887372
2014,France 3,Histoire-hommages,185,16394,109,5261,0.035164417411138564,0.29673796543057757,0.7032620345694224
2014,M6,Histoire-hommages,104,7199,63,5631,0.018469188421239565,0.41165212943524265,0.5883478705647573
2014,TF1,Histoire-hommages,201,16633,124,6840,0.029385964912280703,0.3705128232989756,0.6294871767010244
2015,France 2,Histoire-hommages,137,13887,89,6711,0.020414245268961406,0.35555616138705537,0.6444438386129447
2015,France 3,Histoire-hommages,109,8648,71,4514,0.024147097917589722,0.29749708521732615,0.7025029147826738
2015,M6,Histoire-hommages,76,5091,53,5172,0.014694508894044857,0.40791561019796263,0.5920843898020374
2015,TF1,Histoire-hommages,115,11139,85,6098,0.018858642177763202,0.35523936684923507,0.6447606331507649
2016,France 2,Histoire-hommages,186,18550,111,6874,0.027058481233633982,0.335066611290767,0.6649333887092331
2016,France 3,Histoire-hommages,149,14718,98,4966,0.030004027386226338,0.3243162183799622,0.6756837816200377
2016,M6,Histoire-hommages,131,10107,87,5909,0.022169571839566762,0.41293177765030864,0.5870682223496914
2016,TF1,Histoire-hommages,174,16984,109,6560,0.02652439024390244,0.37666034338367316,0.6233396566163268
2017,France 2,Histoire-hommages,171,17613,87,6354,0.026912181303116147,0.3575824853419768,0.6424175146580233
2017,France 3,Histoire-hommages,148,13283,83,4785,0.030929989550679205,0.34530453147396,0.65469546852604
2017,M6,Histoire-hommages,128,11715,73,5571,0.02297612636869503,0.4374584978412171,0.562541502158783
2017,TF1,Histoire-hommages,165,19312,86,6100,0.027049180327868853,0.3840220579668857,0.6159779420331143
2018,France 2,Histoire-hommages,170,17657,93,6310,0.02694136291600634,0.3633825682400644,0.6366174317599356
2018,France 3,Histoire-hommages,150,14995,88,4798,0.03126302626094206,0.34802393356750483,0.6519760664324951
2018,M6,Histoire-hommages,136,11473,83,5487,0.024785857481319482,0.42497779964628846,0.5750222003537115
2018,TF1,Histoire-hommages,135,14732,80,6058,0.02228458237041928,0.38376840544014895,0.616231594559851
2019,France 2,Histoire-hommages,170,18605,92,6002,0.028323892035988004,0.3788897635886644,0.6211102364113357
2019,France 3,Histoire-hommages,158,15778,91,4738,0.03334740396791895,0.3508603539792523,0.6491396460207478
2019,M6,Histoire-hommages,137,11962,72,5469,0.025050283415615285,0.4384163030894098,0.5615836969105902
2019,TF1,Histoire-hommages,145,16061,77,5585,0.025962399283795883,0.4190758031828693,0.5809241968171307
2010,France 2,International,853,55702,304,7015,0.12159657875980043,0.2798687260951868,0.7201312739048131
2010,France 3,International,696,52238,296,5197,0.13392341735616703,0.2983292962870903,0.7016707037129097
2010,M6,International,412,20533,235,5124,0.08040593286494926,0.3960734782522851,0.6039265217477149
2010,TF1,International,543,36174,264,7168,0.07575334821428571,0.3268777265697555,0.6731222734302444
2011,France 2,International,1702,121786,347,7918,0.21495327102803738,0.3003856275098211,0.6996143724901788
2011,France 3,International,1101,80544,327,5563,0.19791479417580443,0.29821827251532657,0.7017817274846735
2011,M6,International,752,41054,300,5558,0.13530046779417057,0.3921738155567911,0.6078261844432089
2011,TF1,International,1263,98583,342,7964,0.15858864892014063,0.35015486024680925,0.6498451397531907
2012,France 2,International,1048,72228,339,8241,0.12716903288435868,0.3279118449844103,0.6720881550155897
2012,France 3,International,532,36880,280,5363,0.09919820995711355,0.3011573633003392,0.6988426366996607
2012,M6,International,431,23068,243,5533,0.07789625881077174,0.40754850482157173,0.5924514951784282
2012,TF1,International,723,52949,306,7700,0.0938961038961039,0.36169019916989725,0.6383098008301028
2013,France 2,International,1177,85363,325,8332,0.14126260201632262,0.34255751561709413,0.6574424843829059
2013,France 3,International,606,44411,253,5181,0.11696583671105965,0.3040360116916624,0.6959639883083376
2013,M6,International,628,42178,275,5608,0.11198288159771755,0.40690088030543853,0.5930991196945615
2013,TF1,International,854,74802,302,7037,0.1213585334659656,0.36466221581051017,0.6353377841894897
2014,France 2,International,1277,93669,336,7978,0.16006517924291802,0.3453831363112629,0.6546168636887372
2014,France 3,International,595,44184,273,5261,0.11309636951149972,0.29673796543057757,0.7032620345694224
2014,M6,International,671,43870,292,5631,0.11916178298703604,0.41165212943524265,0.5883478705647573
2014,TF1,International,880,75558,310,6840,0.1286549707602339,0.3705128232989756,0.6294871767010244
2015,France 2,International,1089,90253,289,6711,0.16227089852481003,0.35555616138705537,0.6444438386129447
2015,France 3,International,515,38147,231,4514,0.11408949933540097,0.29749708521732615,0.7025029147826738
2015,M6,International,576,40893,249,5172,0.11136890951276102,0.40791561019796263,0.5920843898020374
2015,TF1,International,678,63075,266,6098,0.11118399475237783,0.35523936684923507,0.6447606331507649
2016,France 2,International,1377,115294,333,6874,0.20032004655222577,0.335066611290767,0.6649333887092331
2016,France 3,International,635,46070,263,4966,0.12786951268626662,0.3243162183799622,0.6756837816200377
2016,M6,International,815,52354,305,5909,0.13792519884921306,0.41293177765030864,0.5870682223496914
2016,TF1,International,902,86061,309,6560,0.1375,0.37666034338367316,0.6233396566163268
2017,France 2,International,1058,87495,321,6354,0.16650928548945546,0.3575824853419768,0.6424175146580233
2017,France 3,International,559,40555,247,4785,0.11682340647857889,0.34530453147396,0.65469546852604
2017,M6,International,673,42232,296,5571,0.12080416442290433,0.4374584978412171,0.562541502158783
2017,TF1,International,655,58264,264,6100,0.10737704918032787,0.3840220579668857,0.6159779420331143
2018,France 2,International,848,76309,312,6310,0.13438985736925516,0.3633825682400644,0.6366174317599356
2018,France 3,International,378,27269,198,4798,0.07878282617757398,0.34802393356750483,0.6519760664324951
2018,M6,International,502,29418,268,5487,0.09148897393839986,0.42497779964628846,0.5750222003537115
2018,TF1,International,480,45526,226,6058,0.07923407065037966,0.38376840544014895,0.616231594559851
2019,France 2,International,789,72596,303,6002,0.13145618127290903,0.3788897635886644,0.6211102364113357
2019,France 3,International,446,31402,224,4738,0.09413254537779654,0.3508603539792523,0.6491396460207478
2019,M6,International,661,41564,306,5469,0.12086304626074236,0.4384163030894098,0.5615836969105902
2019,TF1,International,418,39254,207,5585,0.07484333034914951,0.4190758031828693,0.5809241968171307
2010,France 2,Justice,365,32439,215,7015,0.05203136136849608,0.2798687260951868,0.7201312739048131
2010,France 3,Justice,327,28839,203,5197,0.06292091591302675,0.2983292962870903,0.7016707037129097
2010,M6,Justice,361,18672,220,5124,0.0704527712724434,0.3960734782522851,0.6039265217477149
2010,TF1,Justice,329,27553,209,7168,0.0458984375,0.3268777265697555,0.6731222734302444
2011,France 2,Justice,591,51078,224,7918,0.07464006062136903,0.3003856275098211,0.6996143724901788
2011,France 3,Justice,457,38646,233,5563,0.08214991910839475,0.29821827251532657,0.7017817274846735
2011,M6,Justice,482,31706,232,5558,0.08672184238934869,0.3921738155567911,0.6078261844432089
2011,TF1,Justice,582,46911,238,7964,0.07307885484681065,0.35015486024680925,0.6498451397531907
2012,France 2,Justice,349,29510,191,8241,0.04234922946244388,0.3279118449844103,0.6720881550155897
2012,France 3,Justice,318,25491,204,5363,0.059295170613462615,0.3011573633003392,0.6988426366996607
2012,M6,Justice,312,22445,203,5533,0.05638893909271643,0.40754850482157173,0.5924514951784282
2012,TF1,Justice,344,27807,208,7700,0.044675324675324674,0.36169019916989725,0.6383098008301028
2013,France 2,Justice,365,32559,190,8332,0.043807009121459434,0.34255751561709413,0.6574424843829059
2013,France 3,Justice,326,27510,203,5181,0.06292221578845783,0.3040360116916624,0.6959639883083376
2013,M6,Justice,359,26432,219,5608,0.06401569186875891,0.40690088030543853,0.5930991196945615
2013,TF1,Justice,280,25456,181,7037,0.039789683103595284,0.36466221581051017,0.6353377841894897
2014,France 2,Justice,389,36716,183,7978,0.048759087490599144,0.3453831363112629,0.6546168636887372
2014,France 3,Justice,344,30487,202,5261,0.06538680859152253,0.29673796543057757,0.7032620345694224
2014,M6,Justice,421,31472,229,5631,0.0747646954359794,0.41165212943524265,0.5883478705647573
2014,TF1,Justice,316,29325,190,6840,0.046198830409356725,0.3705128232989756,0.6294871767010244
2015,France 2,Justice,185,18646,118,6711,0.02756668156757562,0.35555616138705537,0.6444438386129447
2015,France 3,Justice,167,13893,125,4514,0.036996012405848475,0.29749708521732615,0.7025029147826738
2015,M6,Justice,270,19766,165,5172,0.052204176334106726,0.40791561019796263,0.5920843898020374
2015,TF1,Justice,176,16349,124,6098,0.028861921941620204,0.35523936684923507,0.6447606331507649
2016,France 2,Justice,209,18078,125,6874,0.03040442246144894,0.335066611290767,0.6649333887092331
2016,France 3,Justice,209,16947,136,4966,0.042086186065243655,0.3243162183799622,0.6756837816200377
2016,M6,Justice,253,18199,161,5909,0.04281604332374344,0.41293177765030864,0.5870682223496914
2016,TF1,Justice,184,16214,135,6560,0.02804878048780488,0.37666034338367316,0.6233396566163268
2017,France 2,Justice,200,19148,126,6354,0.03147623544224111,0.3575824853419768,0.6424175146580233
2017,France 3,Justice,203,17213,138,4785,0.04242424242424243,0.34530453147396,0.65469546852604
2017,M6,Justice,243,17120,171,5571,0.04361873990306947,0.4374584978412171,0.562541502158783
2017,TF1,Justice,171,16488,120,6100,0.0280327868852459,0.3840220579668857,0.6159779420331143
2018,France 2,Justice,307,30769,168,6310,0.04865293185419968,0.3633825682400644,0.6366174317599356
2018,France 3,Justice,274,23803,152,4798,0.057107127969987494,0.34802393356750483,0.6519760664324951
2018,M6,Justice,323,21639,193,5487,0.05886641151813377,0.42497779964628846,0.5750222003537115
2018,TF1,Justice,243,26361,145,6058,0.040112248266754705,0.38376840544014895,0.616231594559851
2019,France 2,Justice,233,22037,155,6002,0.038820393202265914,0.3788897635886644,0.6211102364113357
2019,France 3,Justice,250,21736,157,4738,0.052764879696074296,0.3508603539792523,0.6491396460207478
2019,M6,Justice,322,23795,206,5469,0.058877308465898705,0.4384163030894098,0.5615836969105902
2019,TF1,Justice,167,17302,121,5585,0.02990152193375112,0.4190758031828693,0.5809241968171307
2010,France 2,Politique France,561,45693,239,7015,0.07997148966500356,0.2798687260951868,0.7201312739048131
2010,France 3,Politique France,404,38858,227,5197,0.07773715605156821,0.2983292962870903,0.7016707037129097
2010,M6,Politique France,308,19532,181,5124,0.060109289617486336,0.3960734782522851,0.6039265217477149
2010,TF1,Politique France,473,42338,237,7168,0.06598772321428571,0.3268777265697555,0.6731222734302444
2011,France 2,Politique France,782,69900,282,7918,0.09876231371558475,0.3003856275098211,0.6996143724901788
2011,France 3,Politique France,541,45008,261,5563,0.09724968542153514,0.29821827251532657,0.7017817274846735
2011,M6,Politique France,357,22594,190,5558,0.06423173803526448,0.3921738155567911,0.6078261844432089
2011,TF1,Politique France,558,49213,256,7964,0.0700652938221999,0.35015486024680925,0.6498451397531907
2012,France 2,Politique France,1208,107966,307,8241,0.14658415240868827,0.3279118449844103,0.6720881550155897
2012,France 3,Politique France,885,76247,283,5363,0.1650195785940705,0.3011573633003392,0.6988426366996607
2012,M6,Politique France,775,53550,259,5533,0.14006867883607446,0.40754850482157173,0.5924514951784282
2012,TF1,Politique France,1008,92674,300,7700,0.13090909090909092,0.36169019916989725,0.6383098008301028
2013,France 2,Politique France,661,57055,254,8332,0.07933269323091695,0.34255751561709413,0.6574424843829059
2013,France 3,Politique France,430,36141,213,5181,0.08299556070256707,0.3040360116916624,0.6959639883083376
2013,M6,Politique France,399,27211,193,5608,0.07114835948644793,0.40690088030543853,0.5930991196945615
2013,TF1,Politique France,508,49812,237,7037,0.07218985363080858,0.36466221581051017,0.6353377841894897
2014,France 2,Politique France,703,70479,251,7978,0.08811732263725244,0.3453831363112629,0.6546168636887372
2014,France 3,Politique France,514,44165,239,5261,0.09770005702337958,0.29673796543057757,0.7032620345694224
2014,M6,Politique France,379,29244,191,5631,0.06730598472740189,0.41165212943524265,0.5883478705647573
2014,TF1,Politique France,557,53434,241,6840,0.08143274853801169,0.3705128232989756,0.6294871767010244
2015,France 2,Politique France,1094,123843,253,6711,0.16301594397258232,0.35555616138705537,0.6444438386129447
2015,France 3,Politique France,732,64119,231,4514,0.16216216216216217,0.29749708521732615,0.7025029147826738
2015,M6,Politique France,820,72233,223,5172,0.1585460170146945,0.40791561019796263,0.5920843898020374
2015,TF1,Politique France,943,105295,257,6098,0.15464086585765824,0.35523936684923507,0.6447606331507649
2016,France 2,Politique France,1148,117885,317,6874,0.1670061099796334,0.335066611290767,0.6649333887092331
2016,France 3,Politique France,847,71874,291,4966,0.17055980668546114,0.3243162183799622,0.6756837816200377
2016,M6,Politique France,797,64731,292,5909,0.1348789981384329,0.41293177765030864,0.5870682223496914
2016,TF1,Politique France,999,110992,308,6560,0.15228658536585366,0.37666034338367316,0.6233396566163268
2017,France 2,Politique France,1510,156512,331,6354,0.23764557758892035,0.3575824853419768,0.6424175146580233
2017,France 3,Politique France,1001,88060,313,4785,0.20919540229885059,0.34530453147396,0.65469546852604
2017,M6,Politique France,1037,85405,309,5571,0.1861425237838808,0.4374584978412171,0.562541502158783
2017,TF1,Politique France,1277,143536,307,6100,0.20934426229508196,0.3840220579668857,0.6159779420331143
2018,France 2,Politique France,692,69315,267,6310,0.10966719492868462,0.3633825682400644,0.6366174317599356
2018,France 3,Politique France,582,51227,252,4798,0.12130054189245519,0.34802393356750483,0.6519760664324951
2018,M6,Politique France,456,34309,227,5487,0.08310552214324768,0.42497779964628846,0.5750222003537115
2018,TF1,Politique France,538,55051,230,6058,0.08880818752063387,0.38376840544014895,0.616231594559851
2019,France 2,Politique France,576,60332,256,6002,0.0959680106631123,0.3788897635886644,0.6211102364113357
2019,France 3,Politique France,566,50895,252,4738,0.1194596876319122,0.3508603539792523,0.6491396460207478
2019,M6,Politique France,415,31932,227,5469,0.0758822453830682,0.4384163030894098,0.5615836969105902
2019,TF1,Politique France,467,47667,220,5585,0.08361683079677708,0.4190758031828693,0.5809241968171307
2010,France 2,Santé,237,25188,168,7015,0.03378474697077691,0.2798687260951868,0.7201312739048131
2010,France 3,Santé,197,20829,149,5197,0.0379064845102944,0.2983292962870903,0.7016707037129097
2010,M6,Santé,180,13652,138,5124,0.0351288056206089,0.3960734782522851,0.6039265217477149
2010,TF1,Santé,241,23431,171,7168,0.03362165178571429,0.3268777265697555,0.6731222734302444
2011,France 2,Santé,264,26418,161,7918,0.03334175296792119,0.3003856275098211,0.6996143724901788
2011,France 3,Santé,246,25200,173,5563,0.04422074420276829,0.29821827251532657,0.7017817274846735
2011,M6,Santé,261,20739,164,5558,0.046959337891327814,0.3921738155567911,0.6078261844432089
2011,TF1,Santé,312,29454,204,7964,0.03917629331993973,0.35015486024680925,0.6498451397531907
2012,France 2,Santé,271,31788,175,8241,0.03288435869433321,0.3279118449844103,0.6720881550155897
2012,France 3,Santé,193,20585,149,5363,0.035987320529554355,0.3011573633003392,0.6988426366996607
2012,M6,Santé,208,18656,149,5533,0.03759262606181095,0.40754850482157173,0.5924514951784282
2012,TF1,Santé,256,24708,174,7700,0.03324675324675325,0.36169019916989725,0.6383098008301028
2013,France 2,Santé,264,31345,176,8332,0.03168506961113778,0.34255751561709413,0.6574424843829059
2013,France 3,Santé,226,22461,149,5181,0.04362092260181432,0.3040360116916624,0.6959639883083376
2013,M6,Santé,211,17932,154,5608,0.03762482168330956,0.40690088030543853,0.5930991196945615
2013,TF1,Santé,232,23287,175,7037,0.03296859457155037,0.36466221581051017,0.6353377841894897
2014,France 2,Santé,274,28080,161,7978,0.034344447229882176,0.3453831363112629,0.6546168636887372
2014,France 3,Santé,242,24746,163,5261,0.04599885953240829,0.29673796543057757,0.7032620345694224
2014,M6,Santé,230,19975,160,5631,0.04084532054697212,0.41165212943524265,0.5883478705647573
2014,TF1,Santé,219,21643,163,6840,0.032017543859649125,0.3705128232989756,0.6294871767010244
2015,France 2,Santé,143,21592,104,6711,0.021308299806288185,0.35555616138705537,0.6444438386129447
2015,France 3,Santé,151,15340,115,4514,0.0334514842711564,0.29749708521732615,0.7025029147826738
2015,M6,Santé,192,18128,136,5172,0.037122969837587005,0.40791561019796263,0.5920843898020374
2015,TF1,Santé,188,20188,143,6098,0.03082978025582158,0.35523936684923507,0.6447606331507649
2016,France 2,Santé,116,14968,81,6874,0.016875181844631947,0.335066611290767,0.6649333887092331
2016,France 3,Santé,126,14414,105,4966,0.025372533225936366,0.3243162183799622,0.6756837816200377
2016,M6,Santé,186,18068,137,5909,0.031477407344728384,0.41293177765030864,0.5870682223496914
2016,TF1,Santé,193,21972,150,6560,0.02942073170731707,0.37666034338367316,0.6233396566163268
2017,France 2,Santé,141,18830,100,6354,0.022190745986779982,0.3575824853419768,0.6424175146580233
2017,France 3,Santé,170,18137,126,4785,0.035527690700104496,0.34530453147396,0.65469546852604
2017,M6,Santé,210,19472,159,5571,0.03769520732364028,0.4374584978412171,0.562541502158783
2017,TF1,Santé,192,21033,142,6100,0.031475409836065574,0.3840220579668857,0.6159779420331143
2018,France 2,Santé,166,23089,121,6310,0.02630744849445325,0.3633825682400644,0.6366174317599356
2018,France 3,Santé,146,14810,111,4798,0.03042934556065027,0.34802393356750483,0.6519760664324951
2018,M6,Santé,201,20631,141,5487,0.036632039365773646,0.42497779964628846,0.5750222003537115
2018,TF1,Santé,190,21799,141,6058,0.031363486299108616,0.38376840544014895,0.616231594559851
2019,France 2,Santé,186,24733,136,6002,0.030989670109963344,0.3788897635886644,0.6211102364113357
2019,France 3,Santé,159,17367,120,4738,0.03355846348670325,0.3508603539792523,0.6491396460207478
2019,M6,Santé,196,19100,142,5469,0.03583836167489486,0.4384163030894098,0.5615836969105902
2019,TF1,Santé,208,24819,155,5585,0.037242614145031334,0.4190758031828693,0.5809241968171307
2010,France 2,Sciences et techniques,85,7652,69,7015,0.012116892373485389,0.2798687260951868,0.7201312739048131
2010,France 3,Sciences et techniques,53,5802,50,5197,0.01019819126419088,0.2983292962870903,0.7016707037129097
2010,M6,Sciences et techniques,80,5837,69,5124,0.0156128024980484,0.3960734782522851,0.6039265217477149
2010,TF1,Sciences et techniques,126,11634,105,7168,0.017578125,0.3268777265697555,0.6731222734302444
2011,France 2,Sciences et techniques,106,9785,86,7918,0.01338721899469563,0.3003856275098211,0.6996143724901788
2011,France 3,Sciences et techniques,95,8691,73,5563,0.01707711666367068,0.29821827251532657,0.7017817274846735
2011,M6,Sciences et techniques,93,7043,78,5558,0.016732637639438646,0.3921738155567911,0.6078261844432089
2011,TF1,Sciences et techniques,141,11962,108,7964,0.017704671019588145,0.35015486024680925,0.6498451397531907
2012,France 2,Sciences et techniques,124,12421,91,8241,0.015046717631355419,0.3279118449844103,0.6720881550155897
2012,France 3,Sciences et techniques,82,7384,74,5363,0.015289949655043818,0.3011573633003392,0.6988426366996607
2012,M6,Sciences et techniques,90,7214,77,5533,0.01626604012289897,0.40754850482157173,0.5924514951784282
2012,TF1,Sciences et techniques,153,15053,117,7700,0.01987012987012987,0.36169019916989725,0.6383098008301028
2013,France 2,Sciences et techniques,158,16495,115,8332,0.018963034085453672,0.34255751561709413,0.6574424843829059
2013,France 3,Sciences et techniques,78,7147,72,5181,0.015055008685581933,0.3040360116916624,0.6959639883083376
2013,M6,Sciences et techniques,99,8346,82,5608,0.017653352353780315,0.40690088030543853,0.5930991196945615
2013,TF1,Sciences et techniques,136,13720,114,7037,0.019326417507460565,0.36466221581051017,0.6353377841894897
2014,France 2,Sciences et techniques,150,16567,113,7978,0.0188017046878917,0.3453831363112629,0.6546168636887372
2014,France 3,Sciences et techniques,81,7971,69,5261,0.01539631248812013,0.29673796543057757,0.7032620345694224
2014,M6,Sciences et techniques,99,10444,83,5631,0.017581246670218435,0.41165212943524265,0.5883478705647573
2014,TF1,Sciences et techniques,126,13492,103,6840,0.018421052631578946,0.3705128232989756,0.6294871767010244
2015,France 2,Sciences et techniques,114,13526,89,6711,0.016987036209208762,0.35555616138705537,0.6444438386129447
2015,France 3,Sciences et techniques,77,6936,70,4514,0.017058041648205582,0.29749708521732615,0.7025029147826738
2015,M6,Sciences et techniques,110,10868,87,5172,0.021268368136117557,0.40791561019796263,0.5920843898020374
2015,TF1,Sciences et techniques,143,15785,114,6098,0.023450311577566416,0.35523936684923507,0.6447606331507649
2016,France 2,Sciences et techniques,136,19098,108,6874,0.019784695955775384,0.335066611290767,0.6649333887092331
2016,France 3,Sciences et techniques,85,8804,71,4966,0.0171163914619412,0.3243162183799622,0.6756837816200377
2016,M6,Sciences et techniques,112,10675,91,5909,0.018954137755965477,0.41293177765030864,0.5870682223496914
2016,TF1,Sciences et techniques,196,24080,151,6560,0.029878048780487804,0.37666034338367316,0.6233396566163268
2017,France 2,Sciences et techniques,102,12001,71,6354,0.016052880075542966,0.3575824853419768,0.6424175146580233
2017,France 3,Sciences et techniques,78,8716,62,4785,0.016300940438871474,0.34530453147396,0.65469546852604
2017,M6,Sciences et techniques,119,11079,100,5571,0.02136061748339616,0.4374584978412171,0.562541502158783
2017,TF1,Sciences et techniques,187,25638,144,6100,0.030655737704918033,0.3840220579668857,0.6159779420331143
2018,France 2,Sciences et techniques,69,8924,59,6310,0.010935023771790809,0.3633825682400644,0.6366174317599356
2018,France 3,Sciences et techniques,44,5887,41,4798,0.00917048770320967,0.34802393356750483,0.6519760664324951
2018,M6,Sciences et techniques,117,11679,95,5487,0.021323127392017496,0.42497779964628846,0.5750222003537115
2018,TF1,Sciences et techniques,154,20208,130,6058,0.025420931000330143,0.38376840544014895,0.616231594559851
2019,France 2,Sciences et techniques,108,14479,85,6002,0.017994001999333556,0.3788897635886644,0.6211102364113357
2019,France 3,Sciences et techniques,58,7171,54,4738,0.012241452089489235,0.3508603539792523,0.6491396460207478
2019,M6,Sciences et techniques,113,11051,98,5469,0.02066191259828122,0.4384163030894098,0.5615836969105902
2019,TF1,Sciences et techniques,183,26776,136,5585,0.032766338406445834,0.4190758031828693,0.5809241968171307
2010,France 2,Société,1499,134688,346,7015,0.2136849607982894,0.2798687260951868,0.7201312739048131
2010,France 3,Société,1101,99131,336,5197,0.21185299211083317,0.2983292962870903,0.7016707037129097
2010,M6,Société,1078,68724,336,5124,0.2103825136612022,0.3960734782522851,0.6039265217477149
2010,TF1,Société,1530,132558,344,7168,0.21344866071428573,0.3268777265697555,0.6731222734302444
2011,France 2,Société,1042,99764,325,7918,0.1315988886082344,0.3003856275098211,0.6996143724901788
2011,France 3,Société,772,70229,308,5563,0.13877404278267122,0.29821827251532657,0.7017817274846735
2011,M6,Société,1022,74118,326,5558,0.18387909319899245,0.3921738155567911,0.6078261844432089
2011,TF1,Société,1221,103932,339,7964,0.15331491712707182,0.35015486024680925,0.6498451397531907
2012,France 2,Société,1365,150149,341,8241,0.16563523844193667,0.3279118449844103,0.6720881550155897
2012,France 3,Société,843,76846,326,5363,0.1571881409658773,0.3011573633003392,0.6988426366996607
2012,M6,Société,1035,74692,325,5533,0.18705946141333815,0.40754850482157173,0.5924514951784282
2012,TF1,Société,1245,112415,343,7700,0.1616883116883117,0.36169019916989725,0.6383098008301028
2013,France 2,Société,1676,181949,359,8332,0.20115218434949592,0.34255751561709413,0.6574424843829059
2013,France 3,Société,985,89301,325,5181,0.19011773788843853,0.3040360116916624,0.6959639883083376
2013,M6,Société,1198,95609,344,5608,0.213623395149786,0.40690088030543853,0.5930991196945615
2013,TF1,Société,1348,130014,347,7037,0.19155890294159442,0.36466221581051017,0.6353377841894897
2014,France 2,Société,1357,149108,335,7978,0.17009275507646027,0.3453831363112629,0.6546168636887372
2014,France 3,Société,937,84905,328,5261,0.17810302223911803,0.29673796543057757,0.7032620345694224
2014,M6,Société,1095,90702,337,5631,0.19445924347362814,0.41165212943524265,0.5883478705647573
2014,TF1,Société,1100,103266,340,6840,0.1608187134502924,0.3705128232989756,0.6294871767010244
2015,France 2,Société,993,123337,294,6711,0.1479660259275816,0.35555616138705537,0.6444438386129447
2015,France 3,Société,644,58981,259,4514,0.14266725742135578,0.29749708521732615,0.7025029147826738
2015,M6,Société,858,70656,292,5172,0.16589327146171692,0.40791561019796263,0.5920843898020374
2015,TF1,Société,893,91751,299,6098,0.1464414562151525,0.35523936684923507,0.6447606331507649
2016,France 2,Société,1104,135121,329,6874,0.16060517893511783,0.335066611290767,0.6649333887092331
2016,France 3,Société,844,77213,315,4966,0.16995569875151026,0.3243162183799622,0.6756837816200377
2016,M6,Société,1020,87562,338,5909,0.17261804027754274,0.41293177765030864,0.5870682223496914
2016,TF1,Société,1043,112941,336,6560,0.1589939024390244,0.37666034338367316,0.6233396566163268
2017,France 2,Société,886,110764,307,6354,0.1394397230091281,0.3575824853419768,0.6424175146580233
2017,France 3,Société,660,68758,288,4785,0.13793103448275862,0.34530453147396,0.65469546852604
2017,M6,Société,927,80714,334,5571,0.16639741518578352,0.4374584978412171,0.562541502158783
2017,TF1,Société,882,100057,320,6100,0.14459016393442622,0.3840220579668857,0.6159779420331143
2018,France 2,Société,1292,152494,336,6310,0.20475435816164816,0.3633825682400644,0.6366174317599356
2018,France 3,Société,986,96304,317,4798,0.2055022926219258,0.34802393356750483,0.6519760664324951
2018,M6,Société,1109,89912,335,5487,0.2021140878439949,0.42497779964628846,0.5750222003537115
2018,TF1,Société,1313,147188,339,6058,0.2167381974248927,0.38376840544014895,0.616231594559851
2019,France 2,Société,1352,164301,343,6002,0.22525824725091637,0.3788897635886644,0.6211102364113357
2019,France 3,Société,970,93444,327,4738,0.20472773322076826,0.3508603539792523,0.6491396460207478
2019,M6,Société,1070,91479,343,5469,0.19564819893947705,0.4384163030894098,0.5615836969105902
2019,TF1,Société,1299,155766,342,5585,0.23258728737690243,0.4190758031828693,0.5809241968171307
2010,France 2,Sport,731,49843,295,7015,0.10420527441197434,0.2798687260951868,0.7201312739048131
2010,France 3,Sport,402,32956,216,5197,0.07735231864537233,0.2983292962870903,0.7016707037129097
2010,M6,Sport,634,32658,271,5124,0.12373145979703357,0.3960734782522851,0.6039265217477149
2010,TF1,Sport,736,55051,309,7168,0.10267857142857142,0.3268777265697555,0.6731222734302444
2011,France 2,Sport,576,38939,302,7918,0.07274564283910079,0.3003856275098211,0.6996143724901788
2011,France 3,Sport,309,22576,200,5563,0.055545568937623586,0.29821827251532657,0.7017817274846735
2011,M6,Sport,330,17358,217,5558,0.0593738754947823,0.3921738155567911,0.6078261844432089
2011,TF1,Sport,629,45904,308,7964,0.07898041185334002,0.35015486024680925,0.6498451397531907
2012,France 2,Sport,733,50511,268,8241,0.08894551632083485,0.3279118449844103,0.6720881550155897
2012,France 3,Sport,399,27060,199,5363,0.07439865746783517,0.3011573633003392,0.6988426366996607
2012,M6,Sport,398,23508,220,5533,0.07193204409904211,0.40754850482157173,0.5924514951784282
2012,TF1,Sport,769,60744,310,7700,0.09987012987012987,0.36169019916989725,0.6383098008301028
2013,France 2,Sport,475,29665,251,8332,0.05700912145943351,0.34255751561709413,0.6574424843829059
2013,France 3,Sport,323,22412,192,5181,0.062343176992858525,0.3040360116916624,0.6959639883083376
2013,M6,Sport,300,19105,187,5608,0.05349500713266762,0.40690088030543853,0.5930991196945615
2013,TF1,Sport,557,46751,278,7037,0.07915304817393776,0.36466221581051017,0.6353377841894897
2014,France 2,Sport,684,46718,273,7978,0.08573577337678616,0.3453831363112629,0.6546168636887372
2014,France 3,Sport,388,24742,209,5261,0.07375023759741493,0.29673796543057757,0.7032620345694224
2014,M6,Sport,405,24590,200,5631,0.07192328183271178,0.41165212943524265,0.5883478705647573
2014,TF1,Sport,758,66488,295,6840,0.1108187134502924,0.3705128232989756,0.6294871767010244
2015,France 2,Sport,328,19304,188,6711,0.048874981373863806,0.35555616138705537,0.6444438386129447
2015,France 3,Sport,266,17133,160,4514,0.05892778023925565,0.29749708521732615,0.7025029147826738
2015,M6,Sport,269,15743,168,5172,0.05201082753286929,0.40791561019796263,0.5920843898020374
2015,TF1,Sport,469,43581,242,6098,0.07691046244670384,0.35523936684923507,0.6447606331507649
2016,France 2,Sport,521,45446,208,6874,0.07579284259528658,0.335066611290767,0.6649333887092331
2016,France 3,Sport,427,30005,195,4966,0.08598469593233991,0.3243162183799622,0.6756837816200377
2016,M6,Sport,666,47031,228,5909,0.11270942629886614,0.41293177765030864,0.5870682223496914
2016,TF1,Sport,692,60485,273,6560,0.10548780487804878,0.37666034338367316,0.6233396566163268
2017,France 2,Sport,296,24045,181,6354,0.04658482845451684,0.3575824853419768,0.6424175146580233
2017,France 3,Sport,246,16593,157,4785,0.05141065830721003,0.34530453147396,0.65469546852604
2017,M6,Sport,295,19260,182,5571,0.05295279124035182,0.4374584978412171,0.562541502158783
2017,TF1,Sport,382,38140,225,6100,0.06262295081967213,0.3840220579668857,0.6159779420331143
2018,France 2,Sport,379,32206,170,6310,0.060063391442155306,0.3633825682400644,0.6366174317599356
2018,France 3,Sport,296,20654,141,4798,0.06169237182159233,0.34802393356750483,0.6519760664324951
2018,M6,Sport,480,32921,228,5487,0.08747949699289229,0.42497779964628846,0.5750222003537115
2018,TF1,Sport,477,45658,189,6058,0.0787388577088148,0.38376840544014895,0.616231594559851
2019,France 2,Sport,178,15256,120,6002,0.029656781072975674,0.3788897635886644,0.6211102364113357
2019,France 3,Sport,155,10432,104,4738,0.03271422541156606,0.3508603539792523,0.6491396460207478
2019,M6,Sport,306,20860,195,5469,0.055951727921009324,0.4384163030894098,0.5615836969105902
2019,TF1,Sport,166,15837,110,5585,0.0297224709042077,0.4190758031828693,0.5809241968171307
