hour,channel_name,avg_female_share,avg_male_share,total_female_duration,total_male_duration,n_obs
10,ARTE,0.2574702531904008,0.7425297468095993,756252.68,2179788.04,1112
10,Animaux,0.3731400650591403,0.6268599349408598,673463.1000000001,1124277.84,664
10,BFM TV,0.3639148794390104,0.6360851205609895,1316098.1,2303200.96,1151
10,Canal+,0.21699749918958303,0.783002500810417,590702.84,2133188.68,1176
10,Canal+ Sport,0.07173456252505483,0.9282654374749452,126771.55999999998,1924241.56,691
10,Chasse et pêche,0.08471935882301163,0.9152806411769885,144697.52,1555732.32,683
10,Chérie 25,0.49057296131228467,0.5094270386877153,1103037.8,1152003.3800000001,805
10,Comédie+,0.3019950547861863,0.6980049452138136,502674.44000000006,1082656.48,680
10,D8/C8,0.3090787306285256,0.6909212693714745,709156.9,1572540.24,865
10,Euronews,0.32332378984031507,0.6766762101596848,600943.9,1257363.9,670
10,Eurosport France,0.08654371531347481,0.9134562846865252,276343.39999999997,3024407.08,1084
10,France 2,0.4589156593299266,0.5410843406700734,1576488.36,1806550.56,1169
10,France 24,0.4155791776594499,0.5844208223405502,1308570.28,1842465.06,1020
10,France 3,0.3567133157223764,0.6432866842776236,936728.2000000001,1743261.8800000001,1169
10,France 5,0.3627350327637986,0.6372649672362014,1110638.0,1954109.32,1136
10,France O,0.4036962197820843,0.5963037802179157,1140888.7,1702911.78,1126
10,Histoire,0.1694707316419555,0.8305292683580444,478824.19999999995,2334494.02,1005
10,I-Télé/CNews,0.3356336782214106,0.6643663217785895,1189067.54,2355855.22,1128
10,L'Equipe 21,0.1914563539689569,0.808543646031043,479819.07999999996,2023114.02,807
10,LCI,0.3577301182170461,0.642269881782954,1332720.8,2389502.5,1171
10,LCP/Public Sénat,0.2880949491686166,0.7119050508313834,1111915.2000000002,2746295.3,1186
10,La chaîne Météo,0.2027374708328851,0.7972625291671149,417938.02,1588782.6,654
10,M6,0.4925571835821042,0.5074428164178958,1474121.68,1509223.08,1136
10,Monte Carlo TMC,0.3990893451725246,0.6009106548274754,1074203.88,1596418.36,1138
10,NRJ 12,0.32569228056322413,0.6743077194367758,952872.4800000001,2001396.22,1122
10,Paris Première,0.34483228597846344,0.6551677140215365,628982.7,1202658.36,645
10,Planète+,0.12238342336381583,0.8776165766361843,212742.28,1551764.48,625
10,TF1,0.4180207008169327,0.5819792991830673,1239567.28,1732838.34,1132
10,TV Breizh,0.34507259554509695,0.654927404454903,521796.16000000003,986998.92,572
10,TV5 Monde,0.318063574671996,0.681936425328004,583872.42,1241847.6400000001,630
10,Toute l'Histoire,0.18829645610518084,0.8117035438948191,347720.88,1519465.74,658
10,Téva,0.4853543574467298,0.5146456425532702,1234317.1,1240215.98,1029
10,Voyage,0.22275626019396588,0.7772437398060341,392609.44,1367428.36,669
10,W9,0.45165587064149143,0.5483441293585085,506040.44000000006,519317.10000000003,1152
11,ARTE,0.27344448420726225,0.7265555157927378,868858.7399999999,2316253.62,1207
11,Animaux,0.3614844262805622,0.6385155737194378,643105.42,1137901.8,648
11,BFM TV,0.3668610913105872,0.6331389086894128,1327381.24,2293102.44,1148
11,Canal+,0.22109394632403326,0.7789060536759668,564306.46,2005229.82,1144
11,Canal+ Sport,0.06482561687673102,0.935174383123269,115197.14000000001,1950874.12,688
11,Chasse et pêche,0.11522264434724565,0.8847773556527543,196729.42,1470196.54,648
11,Chérie 25,0.49409236713011323,0.5059076328698868,1066102.72,1096358.96,780
11,Comédie+,0.32145102249863106,0.678548977501369,561044.86,1143008.22,695
11,D8/C8,0.3800904910271876,0.6199095089728125,867829.34,1370702.82,837
11,Euronews,0.3302248086660501,0.6697751913339499,610708.88,1239775.68,677
11,Eurosport France,0.08002900698182926,0.9199709930181708,252986.96,3007902.18,1081
11,France 2,0.3162824425566925,0.6837175574433074,934706.98,2006429.78,1174
11,France 24,0.4539236873667237,0.5460763126332763,1510083.52,1816433.08,1063
11,France 3,0.40434837587131134,0.5956516241286887,1345260.52,1999124.92,1142
11,France 5,0.29839969792847953,0.7016003020715205,901621.72,2057335.6600000001,1125
11,France O,0.42212296813066036,0.5778770318693396,1266604.18,1726369.76,1138
11,Histoire,0.1765930255380098,0.8234069744619902,487244.74,2258907.24,988
11,I-Télé/CNews,0.37143568622761425,0.6285643137723858,1351508.72,2285892.8,1156
11,L'Equipe 21,0.1600532306096176,0.8399467693903824,408274.56,2182555.54,833
11,LCI,0.3427167532204345,0.6572832467795655,1238922.32,2375510.2,1143
11,LCP/Public Sénat,0.2882679593707205,0.7117320406292795,1100967.04,2728520.1,1151
11,La chaîne Météo,0.2027664308710577,0.7972335691289423,417037.38,1634182.96,677
11,M6,0.4471046363243152,0.5528953636756848,1296607.44,1624550.12,1167
11,Monte Carlo TMC,0.34972041875205356,0.6502795812479465,929082.8200000001,1703472.1,1172
11,NRJ 12,0.367082985156458,0.6329170148435419,1058999.6400000001,1850667.4400000002,1138
11,Paris Première,0.2535479920320092,0.7464520079679908,454888.0,1353727.76,647
11,Planète+,0.1544458287850399,0.8455541712149601,276364.54000000004,1559594.42,652
11,TF1,0.3820813154996708,0.6179186845003293,1154858.16,1899702.28,1145
11,TV Breizh,0.345168511328225,0.654831488671775,527396.4,994714.3800000001,572
11,TV5 Monde,0.2967754327479347,0.7032245672520653,605655.22,1434070.74,672
11,Toute l'Histoire,0.19449543401708597,0.805504565982914,388727.08,1618661.44,706
11,Téva,0.5074335807634746,0.4925664192365255,1172778.76,1063452.4200000002,909
11,Voyage,0.22703629256917005,0.7729637074308299,411440.9,1416951.28,685
11,W9,0.44369142208370793,0.556308577916292,499220.33999999997,589145.44,1134
12,ARTE,0.3284112864119244,0.6715887135880757,1026981.1200000001,2089489.28,1126
12,Animaux,0.35344290862779926,0.6465570913722009,650660.6000000001,1175404.28,661
12,BFM TV,0.3874989435990107,0.6125010564009893,1379802.08,2183454.16,1135
12,Canal+,0.33917141127421346,0.6608285887257865,999936.1599999999,1956950.82,1108
12,Canal+ Sport,0.08211714726930161,0.9178828527306984,143087.25999999998,1765437.1400000001,640
12,Chasse et pêche,0.09003658842906569,0.9099634115709342,154986.54000000004,1542520.56,671
12,Chérie 25,0.48406921262919367,0.5159307873708063,1018927.14,1080821.98,775
12,Comédie+,0.3206124939847523,0.6793875060152478,575387.7,1153635.3800000001,689
12,D8/C8,0.3567686746599353,0.6432313253400647,775136.8,1380618.38,799
12,Euronews,0.33545733259066746,0.6645426674093325,605153.64,1196783.5799999998,657
12,Eurosport France,0.0777560188847261,0.922243981115274,248240.94,3071856.3200000003,1100
12,France 2,0.26669288842799355,0.7333071115720065,846283.42,2339568.3,1123
12,France 24,0.4629537398952838,0.5370462601047162,1505499.94,1750917.3800000001,1061
12,France 3,0.4455645783413048,0.5544354216586952,1685024.76,2095972.8,1193
12,France 5,0.413532866861807,0.586467133138193,1303397.74,1888561.96,1140
12,France O,0.41453138069860623,0.5854686193013937,1353375.48,1900215.0,1114
12,Histoire,0.22384535789499738,0.7761546421050026,601868.42,2078922.7,949
12,I-Télé/CNews,0.39452507882353066,0.6054749211764694,1460522.2,2243765.72,1189
12,L'Equipe 21,0.19636416153127154,0.8036358384687284,481415.19999999995,1979565.56,779
12,LCI,0.3847166262014561,0.615283373798544,1414806.18,2255991.16,1140
12,LCP/Public Sénat,0.28657145735835216,0.7134285426416479,1104931.36,2761457.72,1170
12,La chaîne Météo,0.20561210331756488,0.794387896682435,421288.16,1596106.74,670
12,M6,0.4659964742830491,0.5340035257169509,1346790.1,1569419.04,1097
12,Monte Carlo TMC,0.303894195406786,0.6961058045932139,865451.8200000001,1882442.06,1177
12,NRJ 12,0.3845024901579025,0.6154975098420975,1177232.34,1892144.8399999999,1185
12,Paris Première,0.2363601061023153,0.7636398938976846,422272.16,1396167.32,663
12,Planète+,0.173641905573842,0.826358094426158,310950.52,1500395.8,644
12,TF1,0.23669459435370727,0.7633054056462928,761387.72,2459418.66,1182
12,TV Breizh,0.3324999382123265,0.6675000617876735,522440.8399999999,1036211.8200000001,585
12,TV5 Monde,0.3300187288927604,0.6699812711072396,597192.6,1224595.44,633
12,Toute l'Histoire,0.19271246055727184,0.8072875394427281,358733.56,1511931.0,662
12,Téva,0.5080524907251209,0.4919475092748791,1181300.92,1084677.3,924
12,Voyage,0.23817420371092562,0.7618257962890743,412461.52,1323690.8,641
12,W9,0.4032934247833564,0.5967065752166436,834969.68,1239995.2000000002,1159
13,ARTE,0.29595305268760175,0.7040469473123981,905694.48,2136362.92,1163
13,Animaux,0.3709916122663211,0.6290083877336788,619601.54,1043822.98,621
13,BFM TV,0.38940357133137554,0.6105964286686244,1404633.24,2206684.7,1143
13,Canal+,0.2930858972679775,0.7069141027320225,1004931.56,2363816.72,1183
13,Canal+ Sport,0.08542661514183085,0.9145733848581692,159754.35999999996,1934231.26,705
13,Chasse et pêche,0.09716992853464067,0.9028300714653593,157202.04,1452981.1600000001,631
13,Chérie 25,0.4241966690391005,0.5758033309608995,905691.0399999999,1212747.4400000002,797
13,Comédie+,0.32243497738341714,0.6775650226165828,535885.8,1095249.04,647
13,D8/C8,0.35269800189799433,0.6473019981020057,778119.14,1410159.8,829
13,Euronews,0.3476465258342491,0.6523534741657508,642703.52,1202017.48,669
13,Eurosport France,0.08123908384147546,0.9187609161585245,264013.45999999996,3095221.58,1104
13,France 2,0.46331446747583455,0.5366855325241655,1650933.56,1905329.3800000001,1140
13,France 24,0.46758221564367314,0.5324177843563269,1575552.16,1792758.88,1076
13,France 3,0.27846428495204145,0.7215357150479585,947841.2000000001,2464656.22,1142
13,France 5,0.3902790131756796,0.6097209868243204,1272793.6800000002,2005371.84,1194
13,France O,0.37113018755978233,0.6288698124402177,1131143.52,1948348.9000000001,1157
13,Histoire,0.2177748437499836,0.7822251562500164,611774.66,2213962.02,983
13,I-Télé/CNews,0.3613038227252246,0.6386961772747755,1276192.3,2267355.06,1149
13,L'Equipe 21,0.17366564231249443,0.8263343576875055,451147.62,2153779.14,823
13,LCI,0.3886363668359366,0.6113636331640634,1382803.48,2176891.6,1131
13,LCP/Public Sénat,0.3273073165620871,0.6726926834379129,1197959.14,2500903.2600000002,1138
13,La chaîne Météo,0.20802118217714302,0.7919788178228568,415148.94,1551724.1400000001,656
13,M6,0.4357249017100239,0.564275098289976,1243363.04,1631519.62,1128
13,Monte Carlo TMC,0.3588450713911696,0.6411549286088304,1053512.08,1893845.72,1184
13,NRJ 12,0.33496418280976714,0.6650358171902327,1013247.56,2003103.7999999998,1155
13,Paris Première,0.24170659586504872,0.7582934041349513,402592.56,1262456.96,660
13,Planète+,0.22941426966178505,0.770585730338215,416865.66,1383419.6600000001,650
13,TF1,0.3688307184576002,0.6311692815423998,1357097.22,2320667.44,1181
13,TV Breizh,0.34589439210501743,0.6541056078949826,527378.38,981994.0000000001,566
13,TV5 Monde,0.3789479524373521,0.6210520475626479,800756.18,1305662.1600000001,679
13,Toute l'Histoire,0.18116140223717514,0.8188385977628249,336253.14,1529340.02,652
13,Téva,0.4846032344472217,0.5153967655527782,1068172.94,1098162.6400000001,889
13,Voyage,0.2472535251546639,0.7527464748453362,452321.42,1371900.4200000002,675
13,W9,0.3987099325396296,0.6012900674603704,1170615.32,1774459.8800000001,1198
14,ARTE,0.2408382467579228,0.7591617532420772,688756.58,2147292.2800000003,1137
14,Animaux,0.363819182779657,0.636180817220343,666426.72,1176786.8800000001,672
14,BFM TV,0.4000709146384215,0.5999290853615785,1500344.2000000002,2252707.64,1187
14,Canal+,0.2184066339547523,0.7815933660452477,612287.9000000001,2254171.34,1139
14,Canal+ Sport,0.06803100238107426,0.9319689976189257,120374.92000000001,1828422.92,644
14,Chasse et pêche,0.08533239147930229,0.9146676085206977,140718.97999999998,1498659.02,652
14,Chérie 25,0.36615748816123705,0.633842511838763,807829.74,1372390.9400000002,798
14,Comédie+,0.3024862907037748,0.6975137092962252,551746.0,1250556.14,683
14,D8/C8,0.2719858964012966,0.7280141035987033,591821.0599999999,1636882.4400000002,868
14,Euronews,0.351506217678112,0.6484937823218879,642173.64,1184508.64,668
14,Eurosport France,0.07278424648255506,0.927215753517445,237501.68000000002,3119151.36,1096
14,France 2,0.5610941006073518,0.4389058993926481,1993632.1400000001,1468645.4200000002,1113
14,France 24,0.45850280267180454,0.5414971973281955,1481908.1,1750122.86,1038
14,France 3,0.22009033373909423,0.7799096662609057,614733.2000000001,2238177.22,1132
14,France 5,0.3778537726836388,0.6221462273163613,1416396.16,2219092.84,1169
14,France O,0.366074161323085,0.633925838676915,1006917.46,1760520.1800000002,1062
14,Histoire,0.2142861264356944,0.7857138735643056,581301.36,2105677.7800000003,962
14,I-Télé/CNews,0.3537260479640817,0.6462739520359184,1293621.06,2372881.0,1173
14,L'Equipe 21,0.16533223909129402,0.8346677609087061,421521.32,2162689.96,829
14,LCI,0.360521013993371,0.639478986006629,1270924.02,2254101.36,1110
14,LCP/Public Sénat,0.33207460349889983,0.6679253965011002,1253075.14,2504238.64,1157
14,La chaîne Météo,0.20549578308826408,0.7945042169117359,418765.48,1581405.96,673
14,M6,0.4278505136928586,0.5721494863071415,1231545.8399999999,1665184.0,1174
14,Monte Carlo TMC,0.2964162553178889,0.703583744682111,865755.22,2097299.14,1150
14,NRJ 12,0.32034115006210523,0.6796588499378948,984941.3600000001,2068484.32,1150
14,Paris Première,0.2374126005393843,0.7625873994606157,379575.24,1245239.48,666
14,Planète+,0.18558548584902126,0.8144145141509787,364478.92,1573649.0,675
14,TF1,0.4303398923734371,0.5696601076265629,1270789.34,1713747.9000000001,1160
14,TV Breizh,0.3377239145597459,0.6622760854402542,500677.02,962919.0,557
14,TV5 Monde,0.28161968288737693,0.7183803171126231,525673.02,1347050.34,685
14,Toute l'Histoire,0.18743079298137086,0.8125692070186291,357880.04000000004,1559156.8,675
14,Téva,0.4724998638791162,0.5275001361208838,1131505.84,1226974.82,959
14,Voyage,0.23696933642703702,0.763030663572963,416719.30000000005,1363134.58,664
14,W9,0.39352027987952687,0.6064797201204731,1137323.64,1748843.2800000003,1185
15,ARTE,0.264768193398229,0.735231806601771,734840.54,2034589.4,1121
15,Animaux,0.34367720562519516,0.6563227943748048,663094.8200000001,1265993.8,703
15,BFM TV,0.40394075956331166,0.5960592404366883,1529926.48,2262498.38,1179
15,Canal+,0.20694640638476164,0.7930535936152383,560393.1,2240780.38,1166
15,Canal+ Sport,0.056006910598680064,0.94399308940132,100432.48,1894405.36,652
15,Chasse et pêche,0.09632429840491574,0.9036757015950843,157950.27999999997,1464219.6199999999,641
15,Chérie 25,0.4008539375330388,0.5991460624669612,895613.58,1320853.74,794
15,Comédie+,0.2817564433591594,0.7182435566408406,470831.00000000006,1195294.9,641
15,D8/C8,0.26926431714376825,0.7307356828562317,568085.5800000001,1582508.4,867
15,Euronews,0.3511665624159051,0.6488334375840948,630648.0,1161709.6600000001,661
15,Eurosport France,0.06694785993058791,0.9330521400694121,219922.18000000002,3192050.0,1114
15,France 2,0.38962142893079477,0.6103785710692052,1371976.6800000002,2121180.58,1169
15,France 24,0.47055964023509955,0.5294403597649004,1597971.34,1801167.56,1093
15,France 3,0.24759859315972332,0.7524014068402767,771613.02,2338722.3200000003,1143
15,France 5,0.2705145452286545,0.7294854547713455,856215.3999999999,2311160.2600000002,1189
15,France O,0.32958032010746896,0.6704196798925312,946864.22,1926793.16,1103
15,Histoire,0.19852506284007776,0.8014749371599222,506160.83999999997,2047163.9400000002,919
15,I-Télé/CNews,0.3469400080687567,0.6530599919312433,1260206.58,2379712.76,1162
15,L'Equipe 21,0.16037610902438795,0.8396238909756121,382605.5,2041161.28,784
15,LCI,0.34244286710990834,0.6575571328900917,1252311.8,2401885.58,1153
15,LCP/Public Sénat,0.2736674953065554,0.7263325046934446,1046712.24,2774568.38,1169
15,La chaîne Météo,0.2131591641060505,0.7868408358939495,434642.88,1569186.18,679
15,M6,0.42787458170319825,0.5721254182968017,1129592.2,1523467.64,1133
15,Monte Carlo TMC,0.2982657377183182,0.7017342622816818,864545.2000000001,2056245.6,1156
15,NRJ 12,0.34001835830277816,0.6599816416972218,1030266.72,1976696.84,1167
15,Paris Première,0.24959000389730196,0.750409996102698,389571.48,1175369.82,660
15,Planète+,0.15826897542579754,0.8417310245742026,277604.48000000004,1462385.94,637
15,TF1,0.4261090725767623,0.5738909274232378,1182021.3599999999,1622894.9,1155
15,TV Breizh,0.3282054582036745,0.6717945417963255,507194.58,1023501.86,590
15,TV5 Monde,0.28827196623974827,0.7117280337602517,514783.13999999996,1255205.02,659
15,Toute l'Histoire,0.18685299435418903,0.813147005645811,369335.08,1615984.12,698
15,Téva,0.49060527371219537,0.5093947262878046,1139074.6400000001,1149557.9000000001,937
15,Voyage,0.22694762503531432,0.7730523749646858,398222.28,1351031.88,667
15,W9,0.38110829246556804,0.618891707534432,1000737.28,1613780.34,1138
16,ARTE,0.27911692878439137,0.7208830712156086,804212.76,2053145.58,1110
16,Animaux,0.36284612643673675,0.6371538735632633,703917.7400000001,1238164.9,706
16,BFM TV,0.39669029931489924,0.6033097006851008,1486116.96,2264383.7600000002,1179
16,Canal+,0.19764136533093363,0.8023586346690664,549300.86,2347775.8400000003,1134
16,Canal+ Sport,0.04734851336311193,0.9526514866368881,91263.08000000002,2042723.26,677
16,Chasse et pêche,0.08022523923027879,0.9197747607697212,129121.72000000002,1479230.78,641
16,Chérie 25,0.40654846872690653,0.5934515312730935,877789.88,1265072.66,767
16,Comédie+,0.28250580247637713,0.7174941975236229,482014.80000000005,1224750.7,645
16,D8/C8,0.26234393531783995,0.73765606468216,579237.5399999999,1686785.8800000001,885
16,Euronews,0.34209722983049917,0.6579027701695008,597573.9,1145637.48,634
16,Eurosport France,0.06705667651971331,0.9329433234802866,215269.03999999998,3171525.7600000002,1097
16,France 2,0.3114829986932697,0.6885170013067303,1039739.46,2282202.6,1136
16,France 24,0.45836345884511365,0.5416365411548864,1448101.98,1713158.46,1016
16,France 3,0.28221790535749147,0.7177820946425085,819669.96,2088875.96,1126
16,France 5,0.24559267874547328,0.7544073212545267,759805.78,2325840.16,1138
16,France O,0.3399639791655897,0.6600360208344103,947429.14,1864080.8,1114
16,Histoire,0.17648877631376444,0.8235112236862355,445455.25999999995,2077444.1400000001,920
16,I-Télé/CNews,0.3746752736466133,0.6253247263533867,1403521.46,2347908.68,1199
16,L'Equipe 21,0.1667052346359478,0.8332947653640521,394089.12,2015671.34,772
16,LCI,0.32608647488391357,0.6739135251160864,1189815.78,2462087.54,1152
16,LCP/Public Sénat,0.3079541871092084,0.6920458128907916,1169488.52,2618816.24,1160
16,La chaîne Météo,0.20719444028467698,0.792805559715323,424815.92000000004,1580635.18,679
16,M6,0.4276849774554906,0.5723150225445094,1215149.5,1618757.48,1157
16,Monte Carlo TMC,0.3140743808514102,0.6859256191485897,897331.2999999999,1976309.6600000001,1130
16,NRJ 12,0.367669505065383,0.632330494934617,1016996.4000000001,1729571.06,1109
16,Paris Première,0.2608604092296555,0.7391395907703445,414975.38000000006,1186516.3599999999,677
16,Planète+,0.12772089841555995,0.8722791015844401,232233.97999999998,1605775.8599999999,679
16,TF1,0.432924853957805,0.567075146042195,1157755.2200000002,1537331.72,1135
16,TV Breizh,0.30135521706769464,0.6986447829323054,455154.48000000004,1021508.82,602
16,TV5 Monde,0.28958363390895236,0.7104163660910476,536768.7000000001,1318953.82,649
16,Toute l'Histoire,0.19934196099378018,0.8006580390062198,376491.66000000003,1515994.9200000002,670
16,Téva,0.4762663302802486,0.5237336697197513,1084091.84,1156108.6400000001,926
16,Voyage,0.22635481493066884,0.7736451850693312,384179.36,1306257.9000000001,644
16,W9,0.3598818001841642,0.6401181998158357,916326.4800000001,1619576.1199999999,1120
17,ARTE,0.3423033282335813,0.6576966717664187,1103233.12,2090512.2,1154
17,Animaux,0.3780797658607164,0.6219202341392835,706265.0800000001,1155312.3800000001,671
17,BFM TV,0.371182744337632,0.6288172556623679,1354336.1199999999,2301022.46,1152
17,Canal+,0.18742871551603615,0.8125712844839639,466492.5,2196719.3200000003,1084
17,Canal+ Sport,0.03610505263025916,0.9638949473697409,69461.47999999998,2021092.76,653
17,Chasse et pêche,0.08650608120869205,0.9134939187913079,145512.48000000004,1538886.48,635
17,Chérie 25,0.5076919674066767,0.49230803259332334,1094061.28,1054582.18,776
17,Comédie+,0.2804551639844023,0.7195448360155977,494811.2,1282644.72,666
17,D8/C8,0.2814728479353313,0.7185271520646687,613980.7000000001,1581262.7,863
17,Euronews,0.36300281646258487,0.6369971835374151,639115.68,1116063.4,633
17,Eurosport France,0.07372326940743597,0.926276730592564,229675.36,3023688.1,1072
17,France 2,0.28381466433940733,0.7161853356605926,970870.1200000001,2451875.28,1152
17,France 24,0.4568502057664166,0.5431497942335833,1436065.78,1711761.82,1022
17,France 3,0.23860800413202887,0.7613919958679711,711614.9199999999,2292809.12,1119
17,France 5,0.2473115776079108,0.7526884223920892,842115.18,2532118.2800000003,1171
17,France O,0.3519097544637805,0.6480902455362195,867773.3600000001,1708244.68,1118
17,Histoire,0.1936558190003132,0.8063441809996867,530804.82,2201235.72,994
17,I-Télé/CNews,0.3556504920574429,0.6443495079425571,1330346.6800000002,2405035.84,1177
17,L'Equipe 21,0.16137819271192744,0.8386218072880725,396411.88,2080534.78,809
17,LCI,0.3047166665730708,0.6952833334269293,1161145.08,2647236.52,1188
17,LCP/Public Sénat,0.2893652188102627,0.7106347811897372,1095675.66,2678284.8,1156
17,La chaîne Météo,0.20819150779514678,0.7918084922048533,394624.95999999996,1458042.52,629
17,M6,0.42243988444848796,0.5775601155515121,1281357.4200000002,1748807.02,1150
17,Monte Carlo TMC,0.310793369705877,0.689206630294123,905452.78,2002785.56,1191
17,NRJ 12,0.37982838573344124,0.6201716142665589,1100676.26,1766202.1800000002,1185
17,Paris Première,0.2368121124416027,0.7631878875583974,346173.48,1147131.2,642
17,Planète+,0.15174280347885608,0.8482571965211438,261301.49999999997,1469755.3,653
17,TF1,0.43158716674008896,0.5684128332599111,1189303.3,1606295.52,1113
17,TV Breizh,0.28423276543359327,0.7157672345664067,432938.98000000004,1051927.04,605
17,TV5 Monde,0.31027100165974975,0.6897289983402503,586380.54,1288486.36,630
17,Toute l'Histoire,0.1863807443965243,0.8136192556034757,348407.38,1543071.7999999998,674
17,Téva,0.48345493689227953,0.5165450631077205,1101509.8,1149389.26,924
17,Voyage,0.19988702448935128,0.8001129755106486,316223.27999999997,1285584.4400000002,614
17,W9,0.3665801838266684,0.6334198161733315,1037233.3799999999,1811410.92,1157
18,ARTE,0.30661511916583006,0.6933848808341699,901583.7,2033926.8800000001,1148
18,Animaux,0.31103978414368255,0.6889602158563175,535727.0,1188050.06,638
18,BFM TV,0.25392065849883483,0.7460793415011652,929318.24,2734088.7600000002,1142
18,Canal+,0.27280909777892925,0.7271909022210707,801379.2399999999,2297639.5,1180
18,Canal+ Sport,0.03854914821829295,0.961450851781707,75082.05999999998,1972817.6600000001,644
18,Chasse et pêche,0.09686845852370969,0.9031315414762903,168057.14,1541827.6800000002,675
18,Chérie 25,0.49943546375438536,0.5005645362456146,1090394.8,1056389.2,812
18,Comédie+,0.2849984032109754,0.7150015967890246,513549.66,1289002.74,655
18,D8/C8,0.3040450961514507,0.6959549038485493,686137.26,1552793.2200000002,836
18,Euronews,0.33687499878636346,0.6631250012136365,610940.86,1198337.46,649
18,Eurosport France,0.0873604971256962,0.9126395028743038,269737.14,2928712.18,1060
18,France 2,0.24423369424174785,0.7557663057582522,757073.52,2405463.06,1151
18,France 24,0.4513811994414445,0.5486188005585555,1451409.82,1769059.78,1024
18,France 3,0.25202188730386677,0.7479781126961332,853783.6800000002,2508949.28,1163
18,France 5,0.26863388690271944,0.7313661130972806,976427.16,2652028.22,1097
18,France O,0.3501195822918767,0.6498804177081234,974919.3400000001,1806509.66,1077
18,Histoire,0.19211877452307732,0.8078812254769228,506107.54,2095735.92,942
18,I-Télé/CNews,0.3667987878022869,0.633201212197713,1306878.98,2254412.94,1114
18,L'Equipe 21,0.17544671370832116,0.8245532862916788,445836.72000000003,2106954.88,814
18,LCI,0.28429292203800355,0.7157070779619965,1097618.4200000002,2755765.82,1200
18,LCP/Public Sénat,0.31986667755153103,0.6801333224484689,1172549.14,2486111.16,1128
18,La chaîne Météo,0.17377472936031485,0.8262252706396852,364645.57999999996,1731242.6800000002,666
18,M6,0.4155499159225965,0.5844500840774035,1438444.2,2033560.4200000002,1179
18,Monte Carlo TMC,0.2807897830665808,0.7192102169334192,811447.2999999999,2063041.68,1163
18,NRJ 12,0.35449770615030296,0.645502293849697,1000049.36,1794158.36,1209
18,Paris Première,0.2185399820058574,0.7814600179941426,365552.70000000007,1315512.24,679
18,Planète+,0.2171832245670701,0.7828167754329298,378091.5,1347310.84,671
18,TF1,0.3575413427756834,0.6424586572243166,1158221.26,2089655.72,1166
18,TV Breizh,0.26466848789735115,0.7353315121026489,392559.54000000004,1071267.24,572
18,TV5 Monde,0.2918931002968447,0.7081068997031553,622693.7,1511640.2,676
18,Toute l'Histoire,0.18248882362036792,0.8175111763796321,322628.12,1461542.7000000002,638
18,Téva,0.4753105158310211,0.524689484168979,1111023.9200000002,1211923.24,967
18,Voyage,0.2525761897659746,0.7474238102340254,410740.10000000003,1220313.28,620
18,W9,0.3610548032225465,0.6389451967774535,1081470.86,1972087.84,1196
19,ARTE,0.3905678351738843,0.6094321648261157,1214491.34,1921963.84,1143
19,Animaux,0.32643009626990327,0.6735699037300967,607166.1,1249344.46,676
19,BFM TV,0.3514556247111404,0.6485443752888597,1224094.98,2262708.34,1096
19,Canal+,0.23234305946533396,0.767656940534666,802967.6000000001,2680550.08,1202
19,Canal+ Sport,0.05802045296651496,0.941979547033485,112102.92000000003,1910695.8800000001,653
19,Chasse et pêche,0.09562418662061166,0.9043758133793884,152723.2,1432041.3800000001,629
19,Chérie 25,0.40062957069364064,0.5993704293063593,825913.56,1208199.4200000002,779
19,Comédie+,0.31498386673406403,0.6850161332659359,570449.5200000001,1257220.26,655
19,D8/C8,0.23153726511376085,0.7684627348862392,518073.26,1751249.98,846
19,Euronews,0.328028338834257,0.671971661165743,614492.52,1258396.04,658
19,Eurosport France,0.08589656953937376,0.9141034304606261,276609.72,3071211.7,1130
19,France 2,0.2630305675918009,0.7369694324081991,672248.4000000001,1966005.96,1152
19,France 24,0.3966822144405173,0.6033177855594828,1249473.14,1909521.3800000001,979
19,France 3,0.49422697768188784,0.5057730223181122,1760865.8199999998,1801231.2000000002,1119
19,France 5,0.3491900359554335,0.6508099640445665,1265095.8,2350962.38,1148
19,France O,0.35408049731313523,0.6459195026868648,1114336.12,2039738.3,1124
19,Histoire,0.15552162063466063,0.8444783793653393,429348.86,2332704.44,977
19,I-Télé/CNews,0.320822853453544,0.679177146546456,1185576.06,2507604.8200000003,1161
19,L'Equipe 21,0.1598273177344784,0.8401726822655217,412164.86000000004,2188690.86,830
19,LCI,0.28785373529353575,0.7121462647064644,1048096.7600000001,2592014.4,1136
19,LCP/Public Sénat,0.2950885935478706,0.7049114064521294,1123531.48,2677369.2,1148
19,La chaîne Météo,0.17425713137917095,0.825742868620829,372519.9,1757348.52,681
19,M6,0.4472467237064401,0.5527532762935599,1492933.6,1859228.06,1153
19,Monte Carlo TMC,0.271523645174383,0.728476354825617,818104.02,2181616.32,1198
19,NRJ 12,0.30788606097770244,0.6921139390222977,807063.8,1782799.4,1153
19,Paris Première,0.20503760860041464,0.7949623913995855,350191.7800000001,1374366.62,672
19,Planète+,0.21368135838311259,0.7863186416168874,362994.06,1339574.28,625
19,TF1,0.3846540610448898,0.6153459389551101,1200230.74,1892091.84,1167
19,TV Breizh,0.26652718225914007,0.7334728177408599,389022.07999999996,1053739.76,569
19,TV5 Monde,0.31660546589986577,0.6833945341001343,602119.6799999999,1293573.7200000002,654
19,Toute l'Histoire,0.1789084472942203,0.8210915527057797,319833.22000000003,1480828.6400000001,642
19,Téva,0.4770486966164785,0.5229513033835215,1101725.1,1194287.48,944
19,Voyage,0.33743613234803127,0.6625638676519687,589155.6799999999,1169118.96,666
19,W9,0.38246976646650793,0.6175302335334921,1020463.5399999999,1676626.12,1119
20,ARTE,0.34184887304992295,0.658151126950077,1158756.1,2169956.08,1133
20,Animaux,0.33275412757679884,0.6672458724232011,540573.98,1072120.64,593
20,BFM TV,0.3047780284329294,0.6952219715670706,1107269.36,2531881.66,1150
20,Canal+,0.22494236625538402,0.775057633744616,718995.9,2483492.56,1187
20,Canal+ Sport,0.06338221566628302,0.936617784333717,133585.12,2025815.34,708
20,Chasse et pêche,0.0962395905067557,0.9037604094932442,163355.88000000003,1517592.12,648
20,Chérie 25,0.3984336280319249,0.601566371968075,803184.2000000001,1198637.18,797
20,Comédie+,0.3135712654178289,0.686428734582171,562094.26,1224916.08,672
20,D8/C8,0.2516826110551262,0.7483173889448739,543080.0599999999,1637657.04,820
20,Euronews,0.3391680702035529,0.6608319297964471,645614.38,1257845.16,665
20,Eurosport France,0.07501124828248167,0.9249887517175183,228353.34000000003,2969023.2800000003,1074
20,France 2,0.36543401543260956,0.6345659845673904,1279734.16,2229800.82,1121
20,France 24,0.4134892121343153,0.5865107878656847,1348304.3,1916201.4000000001,1047
20,France 3,0.30739383049362035,0.6926061695063797,965027.1200000001,2166463.54,1163
20,France 5,0.3534789221815309,0.6465210778184691,1201971.84,2171670.2800000003,1193
20,France O,0.30464178954139537,0.6953582104586046,918468.9,2146097.32,1173
20,Histoire,0.2216998685508168,0.7783001314491832,568488.7,1972403.04,918
20,I-Télé/CNews,0.2545430654470216,0.7454569345529785,935411.92,2731260.2800000003,1174
20,L'Equipe 21,0.1522307209869798,0.8477692790130202,368281.32,2070498.66,787
20,LCI,0.34448098448223496,0.655519015517765,1238070.34,2360480.84,1143
20,LCP/Public Sénat,0.29430018133105906,0.7056998186689409,1088002.34,2617079.94,1148
20,La chaîne Météo,0.18077785938345736,0.8192221406165427,368453.43999999994,1662471.86,652
20,M6,0.41642519038636827,0.5835748096136317,1252349.42,1750817.8599999999,1170
20,Monte Carlo TMC,0.2934204445518124,0.7065795554481876,822854.12,1979521.06,1149
20,NRJ 12,0.31248679676910807,0.6875132032308918,842582.36,1834866.02,1189
20,Paris Première,0.21354117129462744,0.7864588287053725,324264.4199999999,1203525.3800000001,635
20,Planète+,0.17525533414585914,0.8247446658541407,315724.66000000003,1492980.78,654
20,TF1,0.3858551076014995,0.6141448923985005,1371906.2,2183017.24,1164
20,TV Breizh,0.2814612196335437,0.7185387803664564,423084.58,1070836.26,610
20,TV5 Monde,0.2941440748986026,0.7058559251013975,534237.58,1288469.26,622
20,Toute l'Histoire,0.2062821706767521,0.7937178293232479,377323.77999999997,1467849.3800000001,652
20,Téva,0.47959631990754603,0.5204036800924539,1131725.9200000002,1219863.7,985
20,Voyage,0.2809712556175222,0.7190287443824779,493810.24000000005,1274158.0799999998,671
20,W9,0.3507335554355778,0.6492664445644221,963163.22,1793249.04,1141
21,ARTE,0.23320429505494797,0.7667957049450521,659049.1199999999,2198622.8400000003,1126
21,Animaux,0.3221918188403478,0.6778081811596522,565835.1,1197561.84,648
21,BFM TV,0.3805786453391403,0.6194213546608598,1333049.44,2176924.02,1118
21,Canal+,0.18515464738228418,0.8148453526177158,506084.72000000003,2445848.4,1118
21,Canal+ Sport,0.02904825645616222,0.9709517435438377,60332.019999999975,2065291.58,647
21,Chasse et pêche,0.0797779680307182,0.9202220319692819,139830.90000000002,1628016.1400000001,686
21,Chérie 25,0.34746170260445314,0.6525382973955468,721406.3200000001,1314089.18,810
21,Comédie+,0.2650351686197812,0.7349648313802187,487160.48000000004,1370669.68,695
21,D8/C8,0.22740543747991085,0.7725945625200892,494858.25999999995,1682728.4000000001,854
21,Euronews,0.3315021596031727,0.6684978403968274,594262.98,1195049.14,623
21,Eurosport France,0.0640633092517354,0.9359366907482646,194823.94,2993875.06,1071
21,France 2,0.27888030429286437,0.7211196957071356,869409.92,2202441.02,1158
21,France 24,0.4402594334690309,0.559740566530969,1357786.82,1727897.46,997
21,France 3,0.27067597803215093,0.7293240219678492,794720.6,2173279.68,1128
21,France 5,0.2923436136521973,0.7076563863478027,1047540.8200000001,2480172.18,1218
21,France O,0.25448265618273225,0.7455173438172678,705913.5,2080583.36,1112
21,Histoire,0.18452574458900575,0.8154742554109943,463865.57999999996,2054350.34,913
21,I-Télé/CNews,0.36306508548966426,0.6369349145103358,1265234.98,2221964.44,1123
21,L'Equipe 21,0.1344432807607023,0.8655567192392978,310090.94,2030546.76,776
21,LCI,0.3119952717900144,0.6880047282099856,1152500.9000000001,2539118.42,1171
21,LCP/Public Sénat,0.2650313346032596,0.7349686653967403,955538.18,2655752.14,1128
21,La chaîne Météo,0.18438639406281587,0.815613605937184,373172.10000000003,1654931.4,665
21,M6,0.3245839135083867,0.6754160864916133,1001835.7200000001,2087599.34,1185
21,Monte Carlo TMC,0.24826028339167341,0.7517397166083266,691359.8000000002,2105347.38,1116
21,NRJ 12,0.25620417325289757,0.7437958267471024,769644.5599999999,2177968.0,1192
21,Paris Première,0.1689412838339473,0.8310587161660526,289603.56,1451688.16,683
21,Planète+,0.15517869742752996,0.8448213025724699,277469.1,1511950.0,627
21,TF1,0.2883902886450446,0.7116097113549553,845339.32,2122286.3,1192
21,TV Breizh,0.2923061169650699,0.7076938830349301,447862.5999999999,1094406.06,604
21,TV5 Monde,0.2798444614597258,0.7201555385402743,504927.33999999997,1287349.12,666
21,Toute l'Histoire,0.17965234160947124,0.8203476583905288,335866.78,1538030.76,664
21,Téva,0.4363163788052119,0.5636836211947881,1047487.7400000001,1320702.38,941
21,Voyage,0.23202310378014987,0.7679768962198501,417036.7,1387342.04,675
21,W9,0.24376227439618176,0.7562377256038182,655233.9400000001,2117341.6,1104
22,ARTE,0.23395525152818597,0.7660447484718139,638522.24,2067212.86,1120
22,Animaux,0.33823129856570333,0.6617687014342966,612995.64,1190463.64,651
22,BFM TV,0.31356127258801164,0.6864387274119883,1098713.82,2412734.38,1114
22,Canal+,0.17536655656418276,0.8246334434358172,464971.76000000007,2425890.12,1147
22,Canal+ Sport,0.039913615288829155,0.9600863847111708,84054.04,2110596.34,690
22,Chasse et pêche,0.0822446136461045,0.9177553863538956,134706.36000000002,1506559.62,662
22,Chérie 25,0.35337259309094815,0.6466274069090518,686944.38,1181533.68,789
22,Comédie+,0.2626598914543603,0.7373401085456397,426969.88,1197958.68,633
22,D8/C8,0.22735087246714483,0.7726491275328552,484441.77999999997,1663573.7600000002,866
22,Euronews,0.3293177558410645,0.6706822441589355,616752.5399999999,1254565.02,649
22,Eurosport France,0.07224097375489487,0.9277590262451052,218220.74000000005,2967846.8600000003,1078
22,France 2,0.2691156083955066,0.7308843916044934,844636.52,2272119.98,1181
22,France 24,0.49971320367578786,0.5002867963242121,1628582.24,1632022.08,1050
22,France 3,0.3094441923574065,0.6905558076425935,960203.56,2122723.84,1164
22,France 5,0.27296220360502393,0.7270377963949761,994999.94,2618110.2600000002,1195
22,France O,0.2495272788757622,0.7504727211242378,697305.56,2105167.5,1154
22,Histoire,0.17884872707873015,0.8211512729212699,485721.83999999997,2218913.3000000003,977
22,I-Télé/CNews,0.32635030176223584,0.6736496982377642,1230298.36,2532230.46,1186
22,L'Equipe 21,0.13293117271369861,0.8670688272863014,319481.3,2073910.34,786
22,LCI,0.32357924078882394,0.6764207592111761,1174209.66,2452826.7800000003,1148
22,LCP/Public Sénat,0.3260093766245474,0.6739906233754526,1251703.32,2577113.18,1162
22,La chaîne Météo,0.15673655042425133,0.8432634495757486,312819.02,1683886.08,662
22,M6,0.3208308679912782,0.6791691320087218,971572.4199999999,2051282.6,1152
22,Monte Carlo TMC,0.24332559112723523,0.7566744088727647,667515.98,2075611.1400000001,1120
22,NRJ 12,0.24701959511273205,0.7529804048872679,690348.64,2024481.42,1164
22,Paris Première,0.18383423059145415,0.8161657694085458,295785.27999999997,1334462.4000000001,669
22,Planète+,0.171484922395149,0.828515077604851,303777.27999999997,1480800.72,642
22,TF1,0.2935089687976878,0.7064910312023123,815081.7200000001,1998073.48,1155
22,TV Breizh,0.28759926731363866,0.7124007326863613,411796.34,1025767.5,586
22,TV5 Monde,0.28679940234760987,0.7132005976523902,540713.74,1338002.94,677
22,Toute l'Histoire,0.1921871984385276,0.8078128015614725,367141.76,1556282.22,678
22,Téva,0.44207512448484276,0.5579248755151572,1033127.0599999999,1276826.62,937
22,Voyage,0.24963486609223848,0.7503651339077615,416088.96,1262834.34,632
22,W9,0.239141099461975,0.760858900538025,657819.22,2148264.48,1151
23,ARTE,0.25281499442575694,0.747185005574243,733581.72,2146548.16,1176
23,Animaux,0.3508868958365514,0.6491131041634486,650687.1,1189856.94,667
23,BFM TV,0.32734975054952453,0.6726502494504755,1195573.54,2468910.98,1171
23,Canal+,0.19899424562025714,0.8010057543797429,571779.7400000001,2408882.26,1140
23,Canal+ Sport,0.050581099191766773,0.9494189008082333,97796.39999999997,1944688.06,639
23,Chasse et pêche,0.09358218898825506,0.9064178110117449,157147.31999999998,1519913.4000000001,677
23,Chérie 25,0.34488664740199754,0.6551133525980025,677181.08,1229726.84,768
23,Comédie+,0.25926066228030875,0.7407393377196912,446685.81999999995,1297585.1600000001,665
23,D8/C8,0.2227724696777775,0.7772275303222226,513112.27999999997,1826870.3800000001,898
23,Euronews,0.3275322535422664,0.6724677464577336,584175.82,1197605.72,615
23,Eurosport France,0.08245108990452307,0.9175489100954769,250304.46000000005,2903045.7800000003,1103
23,France 2,0.2563076725708272,0.7436923274291728,849258.9200000002,2448352.1,1150
23,France 24,0.45963773406567493,0.540362265934325,1472368.86,1732936.46,1028
23,France 3,0.3041555228913636,0.6958444771086364,968049.14,2192810.52,1118
23,France 5,0.24990141066812735,0.7500985893318726,904525.88,2694858.4200000004,1157
23,France O,0.25405193388864966,0.7459480661113503,728436.52,2148552.4,1144
23,Histoire,0.1850864043368886,0.8149135956631114,494182.00000000006,2169086.02,969
23,I-Télé/CNews,0.2941346444190541,0.705865355580946,1080288.02,2578801.9,1155
23,L'Equipe 21,0.08827537380778332,0.9117246261922166,221228.04000000004,2297368.58,796
23,LCI,0.3082312255149054,0.6917687744850946,1091891.52,2449553.56,1121
23,LCP/Public Sénat,0.2850149878039601,0.7149850121960399,1062151.4000000001,2663413.62,1155
23,La chaîne Météo,0.14924809997799363,0.8507519000220063,290404.64,1654454.12,647
23,M6,0.311704811712335,0.688295188287665,950418.8600000001,2108176.72,1167
23,Monte Carlo TMC,0.2478460719064219,0.7521539280935781,715539.36,2169136.44,1136
23,NRJ 12,0.2545838715838744,0.7454161284161256,724175.7200000001,2084576.4800000002,1161
23,Paris Première,0.1990325729373256,0.8009674270626743,331179.4,1340344.5,679
23,Planète+,0.16233072911259652,0.8376692708874035,299093.28,1559129.48,660
23,TF1,0.31078288019287087,0.6892171198071291,884177.3,1944795.68,1164
23,TV Breizh,0.2818778433795572,0.7181221566204428,430964.1,1090969.34,595
23,TV5 Monde,0.31954185544503283,0.6804581445549671,587273.56,1266389.78,638
23,Toute l'Histoire,0.18593346761017923,0.8140665323898209,348761.8,1532925.76,663
23,Téva,0.45578374194025423,0.5442162580597458,1129220.06,1318555.8599999999,960
23,Voyage,0.25490574354833256,0.7450942564516674,424425.36,1241118.28,638
23,W9,0.25819677934560115,0.7418032206543989,726551.86,2150347.34,1136
